{
    "version": 1.3,
    "people": [
        {
            "person_id": [
                -1
            ],
            "pose_keypoints_2d": [
                332.0,
                112.0,
                0.917870044708252,
                370.0,
                338.0,
                0.893522322177887,
                243.0,
                365.0,
                0.9016420841217041,
                211.0,
                635.0,
                0.8018602132797241,
                145.0,
                877.0,
                0.812702476978302,
                495.0,
                315.0,
                0.829068124294281,
                544.0,
                592.0,
                0.8132809996604919,
                467.0,
                854.0,
                0.774055004119873,
                355.0,
                830.5,
                0.627329558134079,
                266.0,
                833.0,
                0.6450337767601013,
                0,
                0,
                0,
                0,
                0,
                0,
                444.0,
                828.0,
                0.6096253395080566,
                0,
                0,
                0,
                0,
                0,
                0,
                293.0,
                94.0,
                0.9277976155281067,
                362.0,
                74.0,
                0.9161423444747925,
                259.0,
                131.0,
                0.7296555638313293,
                414.0,
                103.0,
                0.8105606436729431,
                0,
                0,
                0,
                0,
                0,
                0,
                0,
                0,
                0,
                0,
                0,
                0,
                0,
                0,
                0,
                0,
                0,
                0
            ],
            "face_keypoints_2d": [],
            "hand_left_keypoints_2d": [
                [
                    467.0,
                    854.0,
                    0.774055004119873
                ],
                [
                    466,
                    911,
                    0.06276582258151547
                ],
                [
                    471,
                    942,
                    0.14515729963930693
                ],
                [
                    462,
                    967,
                    0.08264754632032487
                ],
                [
                    442,
                    988,
                    0.06445360591550053
                ],
                [
                    467,
                    945,
                    0.09952685482985783
                ],
                [
                    459,
                    973,
                    0.13567486615467816
                ],
                [
                    440,
                    985,
                    0.10744202075992199
                ],
                [
                    396,
                    1000,
                    0.09291512726190072
                ],
                [
                    452,
                    944,
                    0.11722254530294586
                ],
                [
                    418,
                    985,
                    0.19125956442125894
                ],
                [
                    404,
                    993,
                    0.118438502936912
                ],
                [
                    397,
                    1000,
                    0.13680277569870214
                ],
                [
                    433,
                    940,
                    0.09613531393894005
                ],
                [
                    398,
                    975,
                    0.1922120653378032
                ],
                [
                    390,
                    986,
                    0.172996185100381
                ],
                [
                    383,
                    998,
                    0.1659323900090553
                ],
                [
                    415,
                    934,
                    0.16817078498873106
                ],
                [
                    390,
                    962,
                    0.09001232794293153
                ],
                [
                    390,
                    962,
                    0.11773820310722934
                ],
                [
                    388,
                    970,
                    0.1230380155400714
                ]
            ],
            "hand_right_keypoints_2d": [
                [
                    145.0,
                    877.0,
                    0.812702476978302
                ],
                [
                    124,
                    933,
                    0.1929775975740518
                ],
                [
                    119,
                    958,
                    0.2478324292967745
                ],
                [
                    117,
                    991,
                    0.23963173942215393
                ],
                [
                    115,
                    1012,
                    0.18017885633110903
                ],
                [
                    96,
                    972,
                    0.21484493395984527
                ],
                [
                    95,
                    1013,
                    0.18033064216877914
                ],
                [
                    108,
                    1023,
                    0.06503347874425527
                ],
                [
                    107,
                    977,
                    0.16263396852231687
                ],
                [
                    105,
                    1010,
                    0.10804738257549223
                ],
                [
                    120,
                    1023,
                    0.06154316052382733
                ],
                [
                    120,
                    977,
                    0.1699780708601217
                ],
                [
                    118,
                    1005,
                    0.14990154864135158
                ],
                [
                    133,
                    1023,
                    0.08148675435994684
                ],
                [
                    134,
                    976,
                    0.14498786795874063
                ],
                [
                    136,
                    998,
                    0.2183015021536721
                ],
                [
                    144,
                    1009,
                    0.2059367777733762
                ],
                [
                    153,
                    1020,
                    0.19755195457401628
                ]
            ]
        }
    ]
}