{
    "version": 1.3,
    "people": [
        {
            "person_id": [
                -1
            ],
            "pose_keypoints_2d": [
                372.0,
                166.0,
                0.9883449673652649,
                376.0,
                335.0,
                0.9199045300483704,
                251.0,
                309.0,
                0.8672394752502441,
                172.0,
                575.0,
                0.8359534740447998,
                198.0,
                851.0,
                0.8575771450996399,
                500.0,
                362.0,
                0.8739912509918213,
                481.0,
                578.0,
                0.3857582211494446,
                0,
                0,
                0,
                368.0,
                758.5,
                0.6746619045734406,
                276.0,
                760.0,
                0.6495462656021118,
                0,
                0,
                0,
                0,
                0,
                0,
                460.0,
                757.0,
                0.6997775435447693,
                0,
                0,
                0,
                0,
                0,
                0,
                332.0,
                149.0,
                0.9710946679115295,
                393.0,
                134.0,
                0.9112873077392578,
                297.0,
                169.0,
                0.799403965473175,
                445.0,
                148.0,
                0.8627983927726746,
                0,
                0,
                0,
                0,
                0,
                0,
                0,
                0,
                0,
                0,
                0,
                0,
                0,
                0,
                0,
                0,
                0,
                0
            ],
            "face_keypoints_2d": [],
            "hand_left_keypoints_2d": [
                [
                    200,
                    869,
                    0.10771008480606356
                ],
                [
                    226,
                    888,
                    0.15285962599250594
                ],
                [
                    244,
                    912,
                    0.3515287596688812
                ],
                [
                    246,
                    946,
                    0.36149598767340185
                ],
                [
                    247,
                    973,
                    0.4153922771963425
                ],
                [
                    221,
                    940,
                    0.30975773470863266
                ],
                [
                    226,
                    979,
                    0.40831252412856434
                ],
                [
                    232,
                    990,
                    0.3500433193408575
                ],
                [
                    237,
                    995,
                    0.32811136215825826
                ],
                [
                    199,
                    941,
                    0.3278090483012202
                ],
                [
                    204,
                    983,
                    0.35620258572622804
                ],
                [
                    216,
                    1000,
                    0.35974493698694876
                ],
                [
                    225,
                    1011,
                    0.4066187812263835
                ],
                [
                    185,
                    937,
                    0.26912538171545675
                ],
                [
                    185,
                    977,
                    0.3053388858148467
                ],
                [
                    198,
                    998,
                    0.2742024803942503
                ],
                [
                    211,
                    1012,
                    0.27111153960643464
                ],
                [
                    174,
                    929,
                    0.2755446118499359
                ],
                [
                    169,
                    959,
                    0.3921190568453547
                ],
                [
                    177,
                    974,
                    0.32287732300638067
                ],
                [
                    183,
                    982,
                    0.1890507404698496
                ]
            ],
            "hand_right_keypoints_2d": []
        }
    ]
}