{
    "version": 1.3,
    "people": [
        {
            "person_id": [
                -1
            ],
            "pose_keypoints_2d": [
                455.0,
                194.0,
                0.958760142326355,
                418.0,
                371.0,
                0.9356241822242737,
                261.0,
                367.0,
                0.8644116520881653,
                237.0,
                603.0,
                0.7976208329200745,
                0,
                0,
                0,
                571.0,
                373.0,
                0.8666682839393616,
                594.0,
                626.0,
                0.8127655386924744,
                0,
                0,
                0,
                394.5,
                766.0,
                0.6737731695175171,
                300.0,
                761.0,
                0.658759355545044,
                287.0,
                1016.0,
                0.11542191356420517,
                0,
                0,
                0,
                489.0,
                771.0,
                0.6887869834899902,
                0,
                0,
                0,
                0,
                0,
                0,
                423.0,
                156.0,
                0.9999700784683228,
                484.0,
                163.0,
                0.9557978510856628,
                370.0,
                162.0,
                0.8685716390609741,
                513.0,
                183.0,
                0.5778295993804932,
                0,
                0,
                0,
                0,
                0,
                0,
                0,
                0,
                0,
                0,
                0,
                0,
                0,
                0,
                0,
                0,
                0,
                0
            ],
            "face_keypoints_2d": [],
            "hand_left_keypoints_2d": [],
            "hand_right_keypoints_2d": []
        }
    ]
}