{
    "version": 1.3,
    "people": [
        {
            "person_id": [
                -1
            ],
            "pose_keypoints_2d": [
                334.0,
                208.0,
                0.9812996983528137,
                379.0,
                368.0,
                0.9395419955253601,
                258.0,
                374.0,
                0.9322288632392883,
                243.0,
                573.0,
                0.7147831916809082,
                0,
                0,
                0,
                503.0,
                360.0,
                0.8702249526977539,
                508.0,
                603.0,
                0.9140613079071045,
                512.0,
                828.0,
                0.8718350529670715,
                339.0,
                736.5,
                0.7137084305286407,
                255.0,
                725.0,
                0.707737147808075,
                246.0,
                1016.0,
                0.4096042811870575,
                0,
                0,
                0,
                423.0,
                748.0,
                0.7196797132492065,
                418.0,
                1016.0,
                0.12834325432777405,
                0,
                0,
                0,
                302.0,
                190.0,
                0.9634770750999451,
                358.0,
                175.0,
                0.9250799417495728,
                288.0,
                201.0,
                0.3694233000278473,
                418.0,
                176.0,
                0.9354864358901978,
                0,
                0,
                0,
                0,
                0,
                0,
                0,
                0,
                0,
                0,
                0,
                0,
                0,
                0,
                0,
                0,
                0,
                0
            ],
            "face_keypoints_2d": [],
            "hand_left_keypoints_2d": [
                [
                    512.0,
                    828.0,
                    0.8718350529670715
                ],
                [
                    493,
                    864,
                    0.13490050640579263
                ],
                [
                    488,
                    891,
                    0.2435879320567385
                ],
                [
                    485,
                    922,
                    0.3294611677654768
                ],
                [
                    476,
                    945,
                    0.19867617279805458
                ],
                [
                    522,
                    910,
                    0.3059967141063882
                ],
                [
                    509,
                    946,
                    0.32146614034650234
                ],
                [
                    487,
                    952,
                    0.2666463124717541
                ],
                [
                    466,
                    951,
                    0.19094478173312482
                ],
                [
                    526,
                    911,
                    0.35515645573015403
                ],
                [
                    508,
                    946,
                    0.24610351135148698
                ],
                [
                    484,
                    952,
                    0.2012023065329241
                ],
                [
                    467,
                    951,
                    0.12220988177043438
                ],
                [
                    526,
                    912,
                    0.31733627340035336
                ],
                [
                    509,
                    945,
                    0.22983573736769985
                ],
                [
                    487,
                    950,
                    0.1891129584747747
                ],
                [
                    474,
                    944,
                    0.1548706589021267
                ],
                [
                    522,
                    912,
                    0.22167595380748656
                ],
                [
                    508,
                    939,
                    0.16597458835975454
                ],
                [
                    493,
                    942,
                    0.13622743748082367
                ],
                [
                    478,
                    945,
                    0.17079874176471121
                ]
            ],
            "hand_right_keypoints_2d": []
        }
    ]
}