{
    "version": 1.3,
    "people": [
        {
            "person_id": [
                -1
            ],
            "pose_keypoints_2d": [
                426.0,
                210.0,
                0.9584877490997314,
                435.0,
                409.0,
                0.9259527921676636,
                309.0,
                407.0,
                0.8993825316429138,
                271.0,
                637.0,
                0.8926387429237366,
                241.0,
                853.0,
                0.8836367130279541,
                567.0,
                409.0,
                0.8932944536209106,
                588.0,
                645.0,
                0.9016337394714355,
                573.0,
                867.0,
                0.8562482595443726,
                394.0,
                798.0,
                0.6996899247169495,
                312.0,
                793.0,
                0.6752991080284119,
                0,
                0,
                0,
                0,
                0,
                0,
                476.0,
                803.0,
                0.7240807414054871,
                0,
                0,
                0,
                0,
                0,
                0,
                396.0,
                190.0,
                0.9193581342697144,
                458.0,
                187.0,
                0.9329861402511597,
                367.0,
                212.0,
                0.6995550990104675,
                501.0,
                207.0,
                0.8039577603340149,
                0,
                0,
                0,
                0,
                0,
                0,
                0,
                0,
                0,
                0,
                0,
                0,
                0,
                0,
                0,
                0,
                0,
                0
            ],
            "face_keypoints_2d": [],
            "hand_left_keypoints_2d": [
                [
                    573.0,
                    867.0,
                    0.8562482595443726
                ],
                [
                    552,
                    897,
                    0.1536430071365434
                ],
                [
                    542,
                    923,
                    0.22508962485630454
                ],
                [
                    540,
                    953,
                    0.2450828895766976
                ],
                [
                    536,
                    978,
                    0.21709366584984072
                ],
                [
                    572,
                    945,
                    0.14684460967991253
                ],
                [
                    574,
                    984,
                    0.18226020331042236
                ],
                [
                    562,
                    1005,
                    0.21816258501454244
                ],
                [
                    548,
                    1020,
                    0.14978336833254138
                ],
                [
                    579,
                    944,
                    0.07451296647095623
                ],
                [
                    566,
                    983,
                    0.1565166712080968
                ],
                [
                    551,
                    999,
                    0.1748315183177041
                ],
                [
                    548,
                    1021,
                    0.07775839316695082
                ],
                [
                    566,
                    982,
                    0.07451768323538298
                ],
                [
                    553,
                    998,
                    0.07878833979633111
                ],
                [
                    541,
                    1010,
                    0.05508995711065658
                ],
                [
                    536,
                    976,
                    0.09375320638739487
                ]
            ],
            "hand_right_keypoints_2d": [
                [
                    241.0,
                    853.0,
                    0.8836367130279541
                ],
                [
                    253,
                    876,
                    0.2815316009488119
                ],
                [
                    255,
                    901,
                    0.3581510352228969
                ],
                [
                    255,
                    929,
                    0.34924181054769055
                ],
                [
                    255,
                    953,
                    0.31044023968255885
                ],
                [
                    227,
                    917,
                    0.3407088409933399
                ],
                [
                    238,
                    949,
                    0.3004728950953537
                ],
                [
                    250,
                    966,
                    0.3056385080008055
                ],
                [
                    259,
                    980,
                    0.317680767053454
                ],
                [
                    222,
                    917,
                    0.31671641879839
                ],
                [
                    237,
                    951,
                    0.242465732025958
                ],
                [
                    253,
                    967,
                    0.270477884288848
                ],
                [
                    272,
                    976,
                    0.26569406513080324
                ],
                [
                    222,
                    915,
                    0.2921521747666784
                ],
                [
                    237,
                    945,
                    0.2042957953758155
                ],
                [
                    255,
                    960,
                    0.23099338283258716
                ],
                [
                    272,
                    971,
                    0.22321370973609028
                ],
                [
                    226,
                    913,
                    0.2706142941707883
                ],
                [
                    239,
                    938,
                    0.17364486798915416
                ],
                [
                    248,
                    946,
                    0.1506099517946691
                ],
                [
                    257,
                    955,
                    0.1809164343082832
                ]
            ]
        }
    ]
}