{
    "version": 1.3,
    "people": [
        {
            "person_id": [
                -1
            ],
            "pose_keypoints_2d": [
                347.0,
                110.0,
                0.9211124181747437,
                380.0,
                292.0,
                0.9517959952354431,
                257.0,
                307.0,
                0.8881585001945496,
                225.0,
                532.0,
                0.8033279180526733,
                177.0,
                734.0,
                0.7548153400421143,
                505.0,
                280.0,
                0.8665340542793274,
                541.0,
                519.0,
                0.8276267051696777,
                515.0,
                733.0,
                0.8808248043060303,
                338.0,
                733.0,
                0.7233484089374542,
                250.0,
                732.0,
                0.7162028551101685,
                285.0,
                1016.0,
                0.4326830804347992,
                0,
                0,
                0,
                426.0,
                734.0,
                0.73049396276474,
                463.0,
                1016.0,
                0.3741277754306793,
                0,
                0,
                0,
                325.0,
                87.0,
                0.9370490312576294,
                382.0,
                80.0,
                0.9622619152069092,
                294.0,
                118.0,
                0.4960252642631531,
                433.0,
                110.0,
                0.8826179504394531,
                0,
                0,
                0,
                0,
                0,
                0,
                0,
                0,
                0,
                0,
                0,
                0,
                0,
                0,
                0,
                0,
                0,
                0
            ],
            "face_keypoints_2d": [],
            "hand_left_keypoints_2d": [
                [
                    515.0,
                    733.0,
                    0.8808248043060303
                ],
                [
                    518,
                    787,
                    0.2700717237938631
                ],
                [
                    523,
                    822,
                    0.3085094096300203
                ],
                [
                    517,
                    848,
                    0.18769178603686407
                ],
                [
                    505,
                    863,
                    0.15199241027962962
                ],
                [
                    513,
                    830,
                    0.1205986689149622
                ],
                [
                    512,
                    856,
                    0.14251929504178412
                ],
                [
                    484,
                    881,
                    0.201990371935608
                ],
                [
                    476,
                    889,
                    0.21553808458929363
                ],
                [
                    499,
                    825,
                    0.22291616133178702
                ],
                [
                    493,
                    866,
                    0.21173599577195962
                ],
                [
                    476,
                    881,
                    0.20349394875764082
                ],
                [
                    464,
                    888,
                    0.22867267577862874
                ],
                [
                    480,
                    813,
                    0.21854455652996313
                ],
                [
                    475,
                    863,
                    0.22302858811243617
                ],
                [
                    470,
                    875,
                    0.1498107592394674
                ],
                [
                    462,
                    887,
                    0.1785802206898684
                ],
                [
                    465,
                    804,
                    0.2980747274094101
                ],
                [
                    462,
                    831,
                    0.3019941373502641
                ],
                [
                    463,
                    844,
                    0.246536478503114
                ],
                [
                    462,
                    857,
                    0.33411409141572657
                ]
            ],
            "hand_right_keypoints_2d": [
                [
                    177.0,
                    734.0,
                    0.7548153400421143
                ],
                [
                    181,
                    792,
                    0.34946138278379446
                ],
                [
                    180,
                    820,
                    0.3830976567909682
                ],
                [
                    179,
                    850,
                    0.4157706816506578
                ],
                [
                    178,
                    872,
                    0.3441068190018731
                ],
                [
                    151,
                    838,
                    0.39384256093714287
                ],
                [
                    157,
                    874,
                    0.42326389063379444
                ],
                [
                    173,
                    887,
                    0.43645623704282277
                ],
                [
                    189,
                    894,
                    0.4536604042878235
                ],
                [
                    152,
                    841,
                    0.37090216441579416
                ],
                [
                    161,
                    874,
                    0.3240532101619796
                ],
                [
                    182,
                    885,
                    0.3597689098379444
                ],
                [
                    199,
                    890,
                    0.43117430881863994
                ],
                [
                    156,
                    840,
                    0.28301587556295343
                ],
                [
                    167,
                    867,
                    0.3023271726532778
                ],
                [
                    184,
                    880,
                    0.3888034815156306
                ],
                [
                    200,
                    884,
                    0.42593229049170434
                ],
                [
                    164,
                    838,
                    0.20532757329473966
                ],
                [
                    175,
                    862,
                    0.2543623287428234
                ],
                [
                    187,
                    866,
                    0.36225509145533585
                ],
                [
                    197,
                    871,
                    0.47661575512038173
                ]
            ]
        }
    ]
}