{
    "version": 1.3,
    "people": [
        {
            "person_id": [
                -1
            ],
            "pose_keypoints_2d": [
                420.0,
                137.0,
                0.9671267867088318,
                367.0,
                325.0,
                0.9043938517570496,
                212.0,
                306.0,
                0.8467041254043579,
                189.0,
                603.0,
                0.7976176142692566,
                194.0,
                838.0,
                0.8540113568305969,
                512.0,
                337.0,
                0.8828464150428772,
                540.0,
                563.0,
                0.12368743121623993,
                0,
                0,
                0,
                403.5,
                729.5,
                0.6410382688045502,
                302.0,
                736.0,
                0.6430333852767944,
                238.0,
                1016.0,
                0.2592855989933014,
                0,
                0,
                0,
                505.0,
                723.0,
                0.6390431523323059,
                537.0,
                1016.0,
                0.16301557421684265,
                0,
                0,
                0,
                403.0,
                96.0,
                0.9530918002128601,
                460.0,
                124.0,
                0.9426195621490479,
                338.0,
                104.0,
                0.9465961456298828,
                477.0,
                171.0,
                0.7026819586753845,
                0,
                0,
                0,
                0,
                0,
                0,
                0,
                0,
                0,
                0,
                0,
                0,
                0,
                0,
                0,
                0,
                0,
                0
            ],
            "face_keypoints_2d": [],
            "hand_left_keypoints_2d": [
                [
                    200,
                    868,
                    0.27885182217083465
                ],
                [
                    225,
                    891,
                    0.26102622749019905
                ],
                [
                    246,
                    921,
                    0.3686200349336906
                ],
                [
                    252,
                    958,
                    0.40601769284235767
                ],
                [
                    252,
                    985,
                    0.432883950409233
                ],
                [
                    226,
                    944,
                    0.3887054951335891
                ],
                [
                    235,
                    989,
                    0.4352323335962476
                ],
                [
                    243,
                    1005,
                    0.400597825519246
                ],
                [
                    250,
                    1014,
                    0.4017846692135144
                ],
                [
                    206,
                    947,
                    0.4059129969937713
                ],
                [
                    218,
                    993,
                    0.40071980019019254
                ],
                [
                    230,
                    1008,
                    0.3682176846184867
                ],
                [
                    240,
                    1014,
                    0.2531670478430657
                ],
                [
                    191,
                    947,
                    0.3850084392085474
                ],
                [
                    201,
                    992,
                    0.4082812651928224
                ],
                [
                    215,
                    1009,
                    0.2644262642663097
                ],
                [
                    227,
                    1016,
                    0.2556238536713779
                ],
                [
                    179,
                    943,
                    0.3867509325351116
                ],
                [
                    181,
                    982,
                    0.3957537552477139
                ],
                [
                    186,
                    1000,
                    0.4280140035476661
                ],
                [
                    194,
                    1017,
                    0.36108792708054765
                ]
            ],
            "hand_right_keypoints_2d": []
        }
    ]
}