{
    "version": 1.3,
    "people": [
        {
            "person_id": [
                -1
            ],
            "pose_keypoints_2d": [
                416.0,
                148.0,
                0.9763720035552979,
                374.0,
                344.0,
                0.9070752859115601,
                219.0,
                327.0,
                0.8634148836135864,
                165.0,
                605.0,
                0.8529224395751953,
                204.0,
                839.0,
                0.8677927851676941,
                518.0,
                367.0,
                0.8720123767852783,
                536.0,
                626.0,
                0.758428156375885,
                569.0,
                870.0,
                0.7562180161476135,
                370.5,
                808.0,
                0.6719512939453125,
                268.0,
                805.0,
                0.6550689935684204,
                0,
                0,
                0,
                0,
                0,
                0,
                473.0,
                811.0,
                0.6888335943222046,
                0,
                0,
                0,
                0,
                0,
                0,
                390.0,
                110.0,
                0.9601767659187317,
                459.0,
                128.0,
                0.9479242563247681,
                344.0,
                127.0,
                0.7553773522377014,
                494.0,
                174.0,
                0.792191207408905,
                0,
                0,
                0,
                0,
                0,
                0,
                0,
                0,
                0,
                0,
                0,
                0,
                0,
                0,
                0,
                0,
                0,
                0
            ],
            "face_keypoints_2d": [],
            "hand_left_keypoints_2d": [
                [
                    569.0,
                    870.0,
                    0.7562180161476135
                ],
                [
                    585,
                    917,
                    0.09885715309412459
                ],
                [
                    592,
                    938,
                    0.061332148244047466
                ],
                [
                    589,
                    1012,
                    0.07387018592262296
                ],
                [
                    599,
                    969,
                    0.07912075426410285
                ],
                [
                    569,
                    981,
                    0.05686830293404069
                ]
            ],
            "hand_right_keypoints_2d": [
                [
                    204.0,
                    839.0,
                    0.8677927851676941
                ],
                [
                    235,
                    883,
                    0.25429737058895585
                ],
                [
                    255,
                    914,
                    0.3557622004892168
                ],
                [
                    261,
                    950,
                    0.3076183570699988
                ],
                [
                    263,
                    980,
                    0.2815482725422383
                ],
                [
                    228,
                    944,
                    0.33514591617845274
                ],
                [
                    238,
                    987,
                    0.3099496895349876
                ],
                [
                    243,
                    1007,
                    0.2639022447032485
                ],
                [
                    249,
                    1023,
                    0.17010542618211674
                ],
                [
                    208,
                    945,
                    0.3372530418769635
                ],
                [
                    221,
                    990,
                    0.29297102223875754
                ],
                [
                    226,
                    1009,
                    0.172950653227743
                ],
                [
                    228,
                    1023,
                    0.16114345908827943
                ],
                [
                    197,
                    942,
                    0.3426930243578444
                ],
                [
                    202,
                    984,
                    0.3422266495305488
                ],
                [
                    212,
                    1003,
                    0.24230546063544223
                ],
                [
                    220,
                    1016,
                    0.1524553342681905
                ],
                [
                    188,
                    935,
                    0.35454988642254986
                ],
                [
                    183,
                    971,
                    0.392992462105108
                ],
                [
                    192,
                    986,
                    0.3630174477028517
                ],
                [
                    199,
                    994,
                    0.35902306767008985
                ]
            ]
        }
    ]
}