{
    "version": 1.3,
    "people": [
        {
            "person_id": [
                -1
            ],
            "pose_keypoints_2d": [
                464.0,
                129.0,
                0.9334545135498047,
                454.0,
                398.0,
                0.8915222883224487,
                295.0,
                427.0,
                0.8323034644126892,
                249.0,
                712.0,
                0.7211344242095947,
                0,
                0,
                0,
                613.0,
                366.0,
                0.7856133580207825,
                593.0,
                701.0,
                0.83133864402771,
                301.0,
                790.0,
                0.7148961424827576,
                424.5,
                888.5,
                0.5592122375965118,
                330.0,
                888.0,
                0.5828284025192261,
                0,
                0,
                0,
                0,
                0,
                0,
                519.0,
                889.0,
                0.5355960726737976,
                0,
                0,
                0,
                0,
                0,
                0,
                424.0,
                95.0,
                0.9639538526535034,
                506.0,
                107.0,
                0.9470011591911316,
                360.0,
                146.0,
                0.7499338388442993,
                547.0,
                158.0,
                0.7005148530006409,
                0,
                0,
                0,
                0,
                0,
                0,
                0,
                0,
                0,
                0,
                0,
                0,
                0,
                0,
                0,
                0,
                0,
                0
            ],
            "face_keypoints_2d": [],
            "hand_left_keypoints_2d": [
                [
                    301.0,
                    790.0,
                    0.7148961424827576
                ],
                [
                    244,
                    799,
                    0.22426192203440842
                ],
                [
                    213,
                    789,
                    0.34848123193617336
                ],
                [
                    181,
                    789,
                    0.4383396655141733
                ],
                [
                    159,
                    809,
                    0.31105469932551155
                ],
                [
                    198,
                    874,
                    0.2805674990794472
                ],
                [
                    174,
                    888,
                    0.28155354779608954
                ],
                [
                    175,
                    888,
                    0.20758926462136476
                ],
                [
                    175,
                    888,
                    0.1248598653061603
                ],
                [
                    185,
                    853,
                    0.34246278746824643
                ],
                [
                    164,
                    871,
                    0.26018395256650206
                ],
                [
                    176,
                    866,
                    0.1740193555120645
                ],
                [
                    189,
                    859,
                    0.13132257755880783
                ],
                [
                    189,
                    859,
                    0.14257147838447579
                ],
                [
                    166,
                    848,
                    0.2610426092436696
                ],
                [
                    170,
                    850,
                    0.23777854480765118
                ],
                [
                    186,
                    848,
                    0.13547938641006874
                ],
                [
                    198,
                    875,
                    0.17883330843394357
                ],
                [
                    177,
                    887,
                    0.15507925019458157
                ],
                [
                    173,
                    890,
                    0.17601982997114007
                ],
                [
                    171,
                    892,
                    0.1359943106066344
                ]
            ],
            "hand_right_keypoints_2d": []
        }
    ]
}