{
    "version": 1.3,
    "people": [
        {
            "person_id": [
                -1
            ],
            "pose_keypoints_2d": [
                353.0,
                146.0,
                0.9494002461433411,
                387.0,
                313.0,
                0.9093218445777893,
                257.0,
                327.0,
                0.9062057733535767,
                247.0,
                478.0,
                0.3658646047115326,
                0,
                0,
                0,
                524.0,
                297.0,
                0.8604995012283325,
                565.0,
                554.0,
                0.7838090658187866,
                579.0,
                795.0,
                0.6093922853469849,
                339.5,
                736.0,
                0.67328941822052,
                249.0,
                730.0,
                0.686795175075531,
                266.0,
                1016.0,
                0.24800746142864227,
                0,
                0,
                0,
                430.0,
                742.0,
                0.659783661365509,
                511.0,
                1016.0,
                0.12305276095867157,
                0,
                0,
                0,
                320.0,
                115.0,
                0.9625537395477295,
                382.0,
                108.0,
                0.9902951717376709,
                281.0,
                136.0,
                0.8632616400718689,
                428.0,
                117.0,
                0.8487585186958313,
                0,
                0,
                0,
                0,
                0,
                0,
                0,
                0,
                0,
                0,
                0,
                0,
                0,
                0,
                0,
                0,
                0,
                0
            ],
            "face_keypoints_2d": [],
            "hand_left_keypoints_2d": [
                [
                    579.0,
                    795.0,
                    0.6093922853469849
                ],
                [
                    552,
                    858,
                    0.11677849893323101
                ],
                [
                    537,
                    890,
                    0.1905151613039352
                ],
                [
                    533,
                    930,
                    0.22963305917854848
                ],
                [
                    532,
                    958,
                    0.30505858154004445
                ],
                [
                    586,
                    910,
                    0.17323278043957033
                ],
                [
                    572,
                    966,
                    0.26151624801347784
                ],
                [
                    552,
                    977,
                    0.3288525622279855
                ],
                [
                    531,
                    985,
                    0.28482479946928857
                ],
                [
                    583,
                    915,
                    0.1763454924075809
                ],
                [
                    572,
                    966,
                    0.25498647149076237
                ],
                [
                    548,
                    978,
                    0.2915822177911874
                ],
                [
                    530,
                    986,
                    0.3098266494364105
                ],
                [
                    584,
                    918,
                    0.12438614247073121
                ],
                [
                    572,
                    965,
                    0.1835712873168429
                ],
                [
                    550,
                    977,
                    0.24514601153111254
                ],
                [
                    533,
                    981,
                    0.20801054810724062
                ],
                [
                    536,
                    889,
                    0.10921866774311152
                ],
                [
                    566,
                    963,
                    0.11563058753277472
                ],
                [
                    551,
                    973,
                    0.12267118179288489
                ],
                [
                    495,
                    904,
                    0.08149203914100771
                ]
            ],
            "hand_right_keypoints_2d": []
        }
    ]
}