{
    "version": 1.3,
    "people": [
        {
            "person_id": [
                -1
            ],
            "pose_keypoints_2d": [
                386.0,
                171.0,
                0.9694768786430359,
                400.0,
                350.0,
                0.893924355506897,
                284.0,
                336.0,
                0.8978989124298096,
                189.0,
                548.0,
                0.8766878247261047,
                276.0,
                616.0,
                0.6445472836494446,
                516.0,
                366.0,
                0.8822162747383118,
                608.0,
                544.0,
                0.8241588473320007,
                590.0,
                612.0,
                0.7384750247001648,
                457.5,
                736.0,
                0.6805447936058044,
                381.0,
                742.0,
                0.6854894757270813,
                396.0,
                961.0,
                0.14327581226825714,
                0,
                0,
                0,
                534.0,
                730.0,
                0.6756001114845276,
                571.0,
                967.0,
                0.4291849732398987,
                0,
                0,
                0,
                364.0,
                153.0,
                0.9501035809516907,
                419.0,
                151.0,
                0.9842509031295776,
                337.0,
                183.0,
                0.5099408030509949,
                466.0,
                186.0,
                0.8990949392318726,
                0,
                0,
                0,
                0,
                0,
                0,
                0,
                0,
                0,
                0,
                0,
                0,
                0,
                0,
                0,
                0,
                0,
                0
            ],
            "face_keypoints_2d": [],
            "hand_left_keypoints_2d": [
                [
                    590.0,
                    612.0,
                    0.7384750247001648
                ],
                [
                    567,
                    620,
                    0.1512919791848707
                ],
                [
                    564,
                    634,
                    0.1681106274091835
                ],
                [
                    564,
                    635,
                    0.07788097873469754
                ],
                [
                    559,
                    629,
                    0.06607297043480773
                ],
                [
                    559,
                    624,
                    0.2563067402234149
                ],
                [
                    533,
                    641,
                    0.37333620756755626
                ],
                [
                    519,
                    650,
                    0.3556531534995258
                ],
                [
                    506,
                    654,
                    0.35078642527077863
                ],
                [
                    552,
                    608,
                    0.24178915811877777
                ],
                [
                    520,
                    630,
                    0.31478935210335574
                ],
                [
                    504,
                    643,
                    0.2707870186347974
                ],
                [
                    488,
                    653,
                    0.23313476354799406
                ],
                [
                    540,
                    596,
                    0.3010957415661456
                ],
                [
                    506,
                    622,
                    0.3005489160079262
                ],
                [
                    493,
                    638,
                    0.21163599081849438
                ],
                [
                    483,
                    650,
                    0.16080064806655098
                ],
                [
                    528,
                    584,
                    0.2906992649929064
                ],
                [
                    496,
                    611,
                    0.2616987694066103
                ],
                [
                    485,
                    630,
                    0.20024687462626548
                ],
                [
                    478,
                    642,
                    0.13142352016807393
                ]
            ],
            "hand_right_keypoints_2d": [
                [
                    276.0,
                    616.0,
                    0.6445472836494446
                ],
                [
                    388,
                    615,
                    0.09483615801753278
                ],
                [
                    453,
                    616,
                    0.0669363288098481
                ],
                [
                    425,
                    593,
                    0.22144219416057437
                ],
                [
                    460,
                    613,
                    0.13689515678349
                ],
                [
                    416,
                    605,
                    0.2515377718174973
                ],
                [
                    454,
                    626,
                    0.1621058810055111
                ],
                [
                    460,
                    634,
                    0.06553421200027042
                ],
                [
                    451,
                    637,
                    0.058156677964256887
                ],
                [
                    410,
                    619,
                    0.2612467221286221
                ],
                [
                    445,
                    639,
                    0.2332052680076565
                ],
                [
                    450,
                    647,
                    0.19175283059211382
                ],
                [
                    444,
                    647,
                    0.12803406873850187
                ],
                [
                    405,
                    636,
                    0.2762006076233257
                ],
                [
                    432,
                    652,
                    0.24315665475844384
                ],
                [
                    437,
                    657,
                    0.267243170860429
                ],
                [
                    436,
                    657,
                    0.1918303358557988
                ]
            ]
        }
    ]
}