{
    "version": 1.3,
    "people": [
        {
            "person_id": [
                -1
            ],
            "pose_keypoints_2d": [
                412.0,
                117.0,
                0.9451221227645874,
                388.0,
                345.0,
                0.8820305466651917,
                246.0,
                330.0,
                0.8515119552612305,
                202.0,
                613.0,
                0.8364931344985962,
                261.0,
                831.0,
                0.7940595149993896,
                529.0,
                367.0,
                0.8323004245758057,
                544.0,
                612.0,
                0.16185562312602997,
                0,
                0,
                0,
                423.5,
                814.5,
                0.5212673246860504,
                332.0,
                816.0,
                0.5332576632499695,
                0,
                0,
                0,
                0,
                0,
                0,
                515.0,
                813.0,
                0.5092769861221313,
                0,
                0,
                0,
                0,
                0,
                0,
                373.0,
                87.0,
                0.9454466104507446,
                447.0,
                85.0,
                0.920728325843811,
                320.0,
                116.0,
                0.8741663098335266,
                490.0,
                114.0,
                0.7823545932769775,
                0,
                0,
                0,
                0,
                0,
                0,
                0,
                0,
                0,
                0,
                0,
                0,
                0,
                0,
                0,
                0,
                0,
                0
            ],
            "face_keypoints_2d": [],
            "hand_left_keypoints_2d": [
                [
                    266,
                    856,
                    0.22437966098522755
                ],
                [
                    295,
                    882,
                    0.23876210426202019
                ],
                [
                    316,
                    910,
                    0.21338750332840745
                ],
                [
                    318,
                    961,
                    0.11190968346227573
                ],
                [
                    315,
                    776,
                    0.1009831764100084
                ],
                [
                    314,
                    935,
                    0.33407648184528654
                ],
                [
                    319,
                    973,
                    0.45009655613315214
                ],
                [
                    318,
                    990,
                    0.40245428029680624
                ],
                [
                    317,
                    1000,
                    0.4288288942730921
                ],
                [
                    292,
                    935,
                    0.3577534560069562
                ],
                [
                    297,
                    980,
                    0.40597956726963425
                ],
                [
                    297,
                    1000,
                    0.40203919447185943
                ],
                [
                    297,
                    1012,
                    0.41481411335769014
                ],
                [
                    269,
                    933,
                    0.40532646598633726
                ],
                [
                    276,
                    976,
                    0.4538947105640725
                ],
                [
                    279,
                    995,
                    0.4392888617489735
                ],
                [
                    282,
                    1008,
                    0.4067095378111917
                ],
                [
                    251,
                    930,
                    0.3993391391174276
                ],
                [
                    249,
                    961,
                    0.3906818101583345
                ],
                [
                    250,
                    976,
                    0.423792685911744
                ],
                [
                    257,
                    984,
                    0.3956523470523556
                ]
            ],
            "hand_right_keypoints_2d": []
        }
    ]
}