{
    "version": 1.3,
    "people": [
        {
            "person_id": [
                -1
            ],
            "pose_keypoints_2d": [
                342.0,
                155.0,
                0.9449368119239807,
                375.0,
                383.0,
                0.9261603951454163,
                205.0,
                394.0,
                0.8417168855667114,
                7.0,
                601.0,
                0.8485895395278931,
                202.0,
                689.0,
                0.8107591867446899,
                544.0,
                378.0,
                0.8374691009521484,
                725.0,
                623.0,
                0.8485450148582458,
                519.0,
                731.0,
                0.8232819437980652,
                335.0,
                857.0,
                0.6583856344223022,
                238.0,
                845.0,
                0.676142692565918,
                0,
                0,
                0,
                0,
                0,
                0,
                432.0,
                869.0,
                0.6406285762786865,
                0,
                0,
                0,
                0,
                0,
                0,
                307.0,
                136.0,
                0.9224608540534973,
                376.0,
                122.0,
                0.9640455842018127,
                271.0,
                182.0,
                0.7845155000686646,
                428.0,
                156.0,
                0.8145714998245239,
                0,
                0,
                0,
                0,
                0,
                0,
                0,
                0,
                0,
                0,
                0,
                0,
                0,
                0,
                0,
                0,
                0,
                0
            ],
            "face_keypoints_2d": [],
            "hand_left_keypoints_2d": [
                [
                    519.0,
                    731.0,
                    0.8232819437980652
                ]
            ],
            "hand_right_keypoints_2d": [
                [
                    202.0,
                    689.0,
                    0.8107591867446899
                ]
            ]
        }
    ]
}