{
    "version": 1.3,
    "people": [
        {
            "person_id": [
                -1
            ],
            "pose_keypoints_2d": [
                366.0,
                138.0,
                0.9318557977676392,
                376.0,
                329.0,
                0.9467037320137024,
                236.0,
                339.0,
                0.8838552832603455,
                218.0,
                594.0,
                0.8802825212478638,
                206.0,
                833.0,
                0.9035207629203796,
                515.0,
                313.0,
                0.9075779914855957,
                551.0,
                560.0,
                0.9130522012710571,
                587.0,
                784.0,
                0.8565757274627686,
                395.0,
                717.0,
                0.6645043790340424,
                306.0,
                723.0,
                0.6575625538825989,
                289.0,
                1016.0,
                0.10236883908510208,
                0,
                0,
                0,
                484.0,
                711.0,
                0.6714462041854858,
                545.0,
                1016.0,
                0.11820115894079208,
                0,
                0,
                0,
                331.0,
                109.0,
                1.0223214626312256,
                395.0,
                109.0,
                0.9572811722755432,
                288.0,
                136.0,
                0.9021830558776855,
                432.0,
                131.0,
                0.8247582912445068,
                0,
                0,
                0,
                0,
                0,
                0,
                0,
                0,
                0,
                0,
                0,
                0,
                0,
                0,
                0,
                0,
                0,
                0
            ],
            "face_keypoints_2d": [],
            "hand_left_keypoints_2d": [
                [
                    587.0,
                    784.0,
                    0.8565757274627686
                ],
                [
                    572,
                    839,
                    0.21602432754977155
                ],
                [
                    564,
                    866,
                    0.3071353047690302
                ],
                [
                    564,
                    900,
                    0.3413681825083984
                ],
                [
                    566,
                    927,
                    0.31728040049205974
                ],
                [
                    600,
                    882,
                    0.19334094909202582
                ],
                [
                    609,
                    923,
                    0.27184915595293085
                ],
                [
                    597,
                    942,
                    0.3061220349394359
                ],
                [
                    581,
                    956,
                    0.23261124027848634
                ],
                [
                    606,
                    882,
                    0.19245330699868707
                ],
                [
                    610,
                    923,
                    0.2523282013749899
                ],
                [
                    596,
                    947,
                    0.13923145490816916
                ],
                [
                    583,
                    968,
                    0.22950988721127757
                ],
                [
                    605,
                    882,
                    0.15304133328354844
                ],
                [
                    610,
                    920,
                    0.16307777988816746
                ],
                [
                    597,
                    942,
                    0.2140574060558761
                ],
                [
                    581,
                    955,
                    0.20597083178121506
                ],
                [
                    602,
                    884,
                    0.09300987752478002
                ],
                [
                    603,
                    907,
                    0.08792641607589714
                ],
                [
                    598,
                    936,
                    0.07435342085746265
                ],
                [
                    582,
                    953,
                    0.07335671418385405
                ]
            ],
            "hand_right_keypoints_2d": [
                [
                    206.0,
                    833.0,
                    0.9035207629203796
                ],
                [
                    224,
                    869,
                    0.2857253534335817
                ],
                [
                    227,
                    898,
                    0.3993673883811828
                ],
                [
                    229,
                    930,
                    0.295285069508896
                ],
                [
                    230,
                    955,
                    0.31195577025407484
                ],
                [
                    194,
                    919,
                    0.3659258208782236
                ],
                [
                    203,
                    958,
                    0.37633914477794683
                ],
                [
                    223,
                    967,
                    0.3702898421572467
                ],
                [
                    245,
                    970,
                    0.29294412830262406
                ],
                [
                    192,
                    922,
                    0.3177271683940027
                ],
                [
                    200,
                    962,
                    0.3486290931627128
                ],
                [
                    227,
                    967,
                    0.28687024232383246
                ],
                [
                    247,
                    970,
                    0.29381527696923726
                ],
                [
                    195,
                    922,
                    0.2589553491681252
                ],
                [
                    203,
                    956,
                    0.14968771243807905
                ],
                [
                    226,
                    964,
                    0.21877587783323807
                ],
                [
                    244,
                    966,
                    0.2005404380864749
                ],
                [
                    201,
                    920,
                    0.19324690036296088
                ],
                [
                    212,
                    942,
                    0.22239549271687786
                ],
                [
                    221,
                    949,
                    0.16394040075516236
                ],
                [
                    233,
                    955,
                    0.1792603401124277
                ]
            ]
        }
    ]
}