{
    "version": 1.3,
    "people": [
        {
            "person_id": [
                -1
            ],
            "pose_keypoints_2d": [
                373.0,
                108.0,
                0.9195591807365417,
                425.0,
                340.0,
                0.9192726016044617,
                266.0,
                355.0,
                0.8653461337089539,
                218.0,
                638.0,
                0.7214478850364685,
                0,
                0,
                0,
                593.0,
                327.0,
                0.840112566947937,
                604.0,
                673.0,
                0.6897739171981812,
                0,
                0,
                0,
                346.0,
                861.5,
                0.549371212720871,
                240.0,
                845.0,
                0.545380175113678,
                0,
                0,
                0,
                0,
                0,
                0,
                452.0,
                878.0,
                0.553362250328064,
                0,
                0,
                0,
                0,
                0,
                0,
                330.0,
                89.0,
                0.9162459969520569,
                400.0,
                63.0,
                0.9169836044311523,
                300.0,
                137.0,
                0.6241228580474854,
                466.0,
                71.0,
                0.8394693732261658,
                0,
                0,
                0,
                0,
                0,
                0,
                0,
                0,
                0,
                0,
                0,
                0,
                0,
                0,
                0,
                0,
                0,
                0
            ],
            "face_keypoints_2d": [],
            "hand_left_keypoints_2d": [],
            "hand_right_keypoints_2d": []
        }
    ]
}