{
    "version": 1.3,
    "people": [
        {
            "person_id": [
                -1
            ],
            "pose_keypoints_2d": [
                379.0,
                196.0,
                1.0003153085708618,
                385.0,
                376.0,
                0.9447163939476013,
                256.0,
                376.0,
                0.8924457430839539,
                208.0,
                615.0,
                0.851955235004425,
                183.0,
                842.0,
                0.8177568316459656,
                516.0,
                375.0,
                0.9208840131759644,
                541.0,
                617.0,
                0.828496515750885,
                541.0,
                867.0,
                0.8349598050117493,
                364.5,
                809.5,
                0.7136015594005585,
                279.0,
                810.0,
                0.7200667262077332,
                284.0,
                1016.0,
                0.11354145407676697,
                0,
                0,
                0,
                450.0,
                809.0,
                0.7071363925933838,
                0,
                0,
                0,
                0,
                0,
                0,
                345.0,
                168.0,
                0.9373462200164795,
                408.0,
                162.0,
                0.9328999519348145,
                315.0,
                194.0,
                0.7928346991539001,
                450.0,
                184.0,
                0.8246485590934753,
                0,
                0,
                0,
                0,
                0,
                0,
                0,
                0,
                0,
                0,
                0,
                0,
                0,
                0,
                0,
                0,
                0,
                0
            ],
            "face_keypoints_2d": [],
            "hand_left_keypoints_2d": [
                [
                    541.0,
                    867.0,
                    0.8349598050117493
                ],
                [
                    552,
                    939,
                    0.07629755806379336
                ],
                [
                    497,
                    962,
                    0.1133531534296873
                ],
                [
                    497,
                    986,
                    0.09116780863120255
                ],
                [
                    545,
                    949,
                    0.08965678340143063
                ],
                [
                    534,
                    995,
                    0.16698360099829973
                ],
                [
                    520,
                    1009,
                    0.21212282786469522
                ],
                [
                    509,
                    1023,
                    0.1913475973561623
                ],
                [
                    530,
                    949,
                    0.08676292002335435
                ],
                [
                    520,
                    989,
                    0.1681131780308713
                ],
                [
                    506,
                    1003,
                    0.14252918992223165
                ],
                [
                    497,
                    1013,
                    0.10863103763519445
                ],
                [
                    516,
                    936,
                    0.08406460300198056
                ],
                [
                    500,
                    930,
                    0.12397354313234377
                ],
                [
                    496,
                    959,
                    0.11973974763576853
                ],
                [
                    495,
                    970,
                    0.0714848515111807
                ],
                [
                    498,
                    984,
                    0.12600744164510816
                ]
            ],
            "hand_right_keypoints_2d": [
                [
                    183.0,
                    842.0,
                    0.8177568316459656
                ],
                [
                    200,
                    898,
                    0.2900517279484947
                ],
                [
                    211,
                    922,
                    0.3825658045874935
                ],
                [
                    221,
                    948,
                    0.39303303493236863
                ],
                [
                    226,
                    970,
                    0.314291399311602
                ],
                [
                    182,
                    946,
                    0.3748780970827497
                ],
                [
                    197,
                    978,
                    0.29404334935242693
                ],
                [
                    214,
                    990,
                    0.28879669579005707
                ],
                [
                    230,
                    1000,
                    0.28553520732530385
                ],
                [
                    174,
                    947,
                    0.3380189319555027
                ],
                [
                    192,
                    978,
                    0.3891790194050726
                ],
                [
                    212,
                    988,
                    0.35910198682287064
                ],
                [
                    228,
                    987,
                    0.23450451508621772
                ],
                [
                    171,
                    945,
                    0.3539863111284259
                ],
                [
                    187,
                    970,
                    0.19180409500664775
                ],
                [
                    206,
                    978,
                    0.22942116362283738
                ],
                [
                    223,
                    982,
                    0.18705932597109018
                ],
                [
                    169,
                    942,
                    0.2766317607460933
                ],
                [
                    185,
                    958,
                    0.20930292452725913
                ],
                [
                    202,
                    966,
                    0.22051471979885529
                ],
                [
                    214,
                    969,
                    0.25555749696999663
                ]
            ]
        }
    ]
}