{
    "version": 1.3,
    "people": [
        {
            "person_id": [
                -1
            ],
            "pose_keypoints_2d": [
                248.0,
                95.0,
                0.9171738624572754,
                312.0,
                279.0,
                0.9016451239585876,
                190.0,
                294.0,
                0.8640304207801819,
                0,
                0,
                0,
                0,
                0,
                0,
                435.0,
                255.0,
                0.8359791040420532,
                505.0,
                493.0,
                0.8352689743041992,
                507.0,
                712.0,
                0.803267776966095,
                289.0,
                755.5,
                0.5840422213077545,
                197.0,
                756.0,
                0.5913903117179871,
                0,
                0,
                0,
                0,
                0,
                0,
                381.0,
                755.0,
                0.576694130897522,
                0,
                0,
                0,
                0,
                0,
                0,
                214.0,
                75.0,
                0.8968759179115295,
                275.0,
                62.0,
                0.9386947154998779,
                196.0,
                114.0,
                0.609210729598999,
                325.0,
                69.0,
                0.8583643436431885,
                0,
                0,
                0,
                0,
                0,
                0,
                0,
                0,
                0,
                0,
                0,
                0,
                0,
                0,
                0,
                0,
                0,
                0
            ],
            "face_keypoints_2d": [],
            "hand_left_keypoints_2d": [
                [
                    507.0,
                    712.0,
                    0.803267776966095
                ],
                [
                    485,
                    746,
                    0.1419193712716574
                ],
                [
                    474,
                    773,
                    0.19875887056502745
                ],
                [
                    473,
                    806,
                    0.2836035241932513
                ],
                [
                    473,
                    836,
                    0.23008069506403678
                ],
                [
                    523,
                    788,
                    0.13663057025012795
                ],
                [
                    529,
                    815,
                    0.1315833533821108
                ],
                [
                    494,
                    848,
                    0.1927643644355158
                ],
                [
                    478,
                    861,
                    0.19815706202989644
                ],
                [
                    524,
                    798,
                    0.16148516980813754
                ],
                [
                    521,
                    829,
                    0.18353385713868473
                ],
                [
                    496,
                    849,
                    0.1389616313267541
                ],
                [
                    477,
                    860,
                    0.12766846995911801
                ],
                [
                    521,
                    800,
                    0.12341718467655927
                ],
                [
                    515,
                    831,
                    0.14795935059222498
                ],
                [
                    496,
                    848,
                    0.14763921321439263
                ],
                [
                    479,
                    858,
                    0.12161679295107597
                ],
                [
                    514,
                    799,
                    0.08001657238853996
                ],
                [
                    508,
                    830,
                    0.10246561711657784
                ],
                [
                    498,
                    842,
                    0.08591585288033854
                ],
                [
                    482,
                    846,
                    0.054785908380442186
                ]
            ],
            "hand_right_keypoints_2d": []
        }
    ]
}