{
    "version": 1.3,
    "people": [
        {
            "person_id": [
                -1
            ],
            "pose_keypoints_2d": [
                248.0,
                96.0,
                0.9105092883110046,
                330.0,
                285.0,
                0.9001114368438721,
                205.0,
                291.0,
                0.8753930330276489,
                146.0,
                543.0,
                0.8018726706504822,
                85.0,
                776.0,
                0.8239037990570068,
                454.0,
                276.0,
                0.840650737285614,
                544.0,
                529.0,
                0.8198716044425964,
                437.0,
                735.0,
                0.7514858245849609,
                271.0,
                702.0,
                0.5876659452915192,
                189.0,
                695.0,
                0.5842383503913879,
                157.0,
                1016.0,
                0.2742060720920563,
                0,
                0,
                0,
                353.0,
                709.0,
                0.5910935401916504,
                318.0,
                1016.0,
                0.12777341902256012,
                0,
                0,
                0,
                221.0,
                73.0,
                0.8579311370849609,
                282.0,
                60.0,
                0.9221622347831726,
                0,
                0,
                0,
                351.0,
                72.0,
                0.8515917658805847,
                0,
                0,
                0,
                0,
                0,
                0,
                0,
                0,
                0,
                0,
                0,
                0,
                0,
                0,
                0,
                0,
                0,
                0
            ],
            "face_keypoints_2d": [],
            "hand_left_keypoints_2d": [
                [
                    437.0,
                    735.0,
                    0.7514858245849609
                ]
            ],
            "hand_right_keypoints_2d": [
                [
                    85.0,
                    776.0,
                    0.8239037990570068
                ],
                [
                    90,
                    821,
                    0.34870454695357844
                ],
                [
                    80,
                    850,
                    0.40458497478087185
                ],
                [
                    75,
                    887,
                    0.475806299883605
                ],
                [
                    72,
                    914,
                    0.44362824417797275
                ],
                [
                    48,
                    870,
                    0.4599244056681254
                ],
                [
                    48,
                    912,
                    0.47831264923207933
                ],
                [
                    63,
                    929,
                    0.45663686396154585
                ],
                [
                    77,
                    946,
                    0.4888354952683963
                ],
                [
                    57,
                    874,
                    0.32256498474389234
                ],
                [
                    57,
                    912,
                    0.2574426000377321
                ],
                [
                    78,
                    933,
                    0.2818177548590328
                ],
                [
                    92,
                    952,
                    0.3593667481649183
                ],
                [
                    66,
                    875,
                    0.30604530291300436
                ],
                [
                    69,
                    908,
                    0.27945839323210264
                ],
                [
                    83,
                    928,
                    0.3333070854151623
                ],
                [
                    95,
                    947,
                    0.2616804652849948
                ],
                [
                    76,
                    873,
                    0.20592733965480342
                ],
                [
                    83,
                    898,
                    0.28452784048409674
                ],
                [
                    92,
                    909,
                    0.33209965771793415
                ],
                [
                    99,
                    919,
                    0.27718723424893565
                ]
            ]
        }
    ]
}