{
    "version": 1.3,
    "people": [
        {
            "person_id": [
                -1
            ],
            "pose_keypoints_2d": [
                430.0,
                141.0,
                0.946725070476532,
                419.0,
                339.0,
                0.9317909479141235,
                273.0,
                317.0,
                0.8383369445800781,
                205.0,
                595.0,
                0.8204103708267212,
                174.0,
                857.0,
                0.8146177530288696,
                562.0,
                368.0,
                0.8812175989151001,
                590.0,
                657.0,
                0.7622564435005188,
                587.0,
                902.0,
                0.7567930221557617,
                389.0,
                794.5,
                0.5542135238647461,
                292.0,
                787.0,
                0.5467414259910583,
                0,
                0,
                0,
                0,
                0,
                0,
                486.0,
                802.0,
                0.5616856217384338,
                0,
                0,
                0,
                0,
                0,
                0,
                395.0,
                114.0,
                0.9634259939193726,
                461.0,
                107.0,
                0.983199954032898,
                355.0,
                148.0,
                0.8580902218818665,
                504.0,
                121.0,
                0.7937158346176147,
                0,
                0,
                0,
                0,
                0,
                0,
                0,
                0,
                0,
                0,
                0,
                0,
                0,
                0,
                0,
                0,
                0,
                0
            ],
            "face_keypoints_2d": [],
            "hand_left_keypoints_2d": [
                [
                    587.0,
                    902.0,
                    0.7567930221557617
                ],
                [
                    580,
                    943,
                    0.05208904169263471
                ]
            ],
            "hand_right_keypoints_2d": [
                [
                    174.0,
                    857.0,
                    0.8146177530288696
                ],
                [
                    206,
                    902,
                    0.21314451318583744
                ],
                [
                    217,
                    933,
                    0.35959888422202363
                ],
                [
                    216,
                    967,
                    0.31203685475704
                ],
                [
                    212,
                    995,
                    0.30732021336788423
                ],
                [
                    184,
                    958,
                    0.2776327912038439
                ],
                [
                    192,
                    998,
                    0.34098150183873555
                ],
                [
                    197,
                    1012,
                    0.3058916332952774
                ],
                [
                    204,
                    1023,
                    0.2845253037475924
                ],
                [
                    164,
                    954,
                    0.3462828022510392
                ],
                [
                    171,
                    996,
                    0.1787167490596675
                ],
                [
                    177,
                    1003,
                    0.24620495639812284
                ],
                [
                    187,
                    1005,
                    0.13451601975545874
                ],
                [
                    153,
                    948,
                    0.34655674755739724
                ],
                [
                    155,
                    984,
                    0.20701901011385523
                ],
                [
                    161,
                    992,
                    0.25107991392409634
                ],
                [
                    174,
                    991,
                    0.13468275007407204
                ],
                [
                    144,
                    939,
                    0.36989598664708945
                ],
                [
                    146,
                    973,
                    0.31560868007254334
                ],
                [
                    152,
                    981,
                    0.22372869132129938
                ],
                [
                    153,
                    984,
                    0.1376938229912279
                ]
            ]
        }
    ]
}