{
    "version": 1.3,
    "people": [
        {
            "person_id": [
                -1
            ],
            "pose_keypoints_2d": [
                363.0,
                131.0,
                0.9227849841117859,
                384.0,
                278.0,
                0.9146972298622131,
                282.0,
                278.0,
                0.8747342228889465,
                238.0,
                503.0,
                0.8478367924690247,
                167.0,
                706.0,
                0.7871739268302917,
                496.0,
                276.0,
                0.8497474789619446,
                548.0,
                496.0,
                0.853223979473114,
                586.0,
                717.0,
                0.8459784984588623,
                359.0,
                653.0,
                0.6744471192359924,
                279.0,
                646.0,
                0.668763279914856,
                297.0,
                1016.0,
                0.5290504693984985,
                0,
                0,
                0,
                439.0,
                660.0,
                0.6801309585571289,
                453.0,
                1016.0,
                0.44363170862197876,
                0,
                0,
                0,
                334.0,
                108.0,
                1.0117988586425781,
                388.0,
                107.0,
                0.9558110237121582,
                301.0,
                120.0,
                0.701319694519043,
                427.0,
                118.0,
                0.8366000056266785,
                0,
                0,
                0,
                0,
                0,
                0,
                0,
                0,
                0,
                0,
                0,
                0,
                0,
                0,
                0,
                0,
                0,
                0
            ],
            "face_keypoints_2d": [],
            "hand_left_keypoints_2d": [
                [
                    586.0,
                    717.0,
                    0.8459784984588623
                ],
                [
                    573,
                    756,
                    0.16500472442811578
                ],
                [
                    565,
                    786,
                    0.19524699314245836
                ],
                [
                    567,
                    816,
                    0.29370787760828565
                ],
                [
                    567,
                    837,
                    0.23441909077812936
                ],
                [
                    593,
                    804,
                    0.1378007377669811
                ],
                [
                    590,
                    836,
                    0.13237086142652219
                ],
                [
                    579,
                    844,
                    0.2291055332782221
                ],
                [
                    569,
                    849,
                    0.20993696487962765
                ],
                [
                    605,
                    809,
                    0.21371662201054015
                ],
                [
                    598,
                    837,
                    0.2757539024532462
                ],
                [
                    582,
                    845,
                    0.23445283475819603
                ],
                [
                    570,
                    849,
                    0.2312321746643347
                ],
                [
                    608,
                    808,
                    0.17900033986838235
                ],
                [
                    599,
                    836,
                    0.21612684004251106
                ],
                [
                    584,
                    842,
                    0.20826214638703466
                ],
                [
                    569,
                    847,
                    0.16653088864292268
                ],
                [
                    613,
                    807,
                    0.14033315584606937
                ],
                [
                    609,
                    819,
                    0.07313281210840146
                ],
                [
                    588,
                    840,
                    0.0773529120785674
                ],
                [
                    568,
                    841,
                    0.0624488064376227
                ]
            ],
            "hand_right_keypoints_2d": [
                [
                    167.0,
                    706.0,
                    0.7871739268302917
                ],
                [
                    164,
                    748,
                    0.3617404983729406
                ],
                [
                    158,
                    773,
                    0.3708564779481129
                ],
                [
                    151,
                    799,
                    0.4711441665824611
                ],
                [
                    150,
                    816,
                    0.3839257073658243
                ],
                [
                    135,
                    777,
                    0.46297024947428145
                ],
                [
                    132,
                    807,
                    0.4713341789513062
                ],
                [
                    145,
                    821,
                    0.42716352834014637
                ],
                [
                    161,
                    826,
                    0.44931798494105424
                ],
                [
                    141,
                    778,
                    0.4194441620421525
                ],
                [
                    144,
                    808,
                    0.2832371007548524
                ],
                [
                    163,
                    815,
                    0.4710850324255957
                ],
                [
                    179,
                    815,
                    0.4222509575218637
                ],
                [
                    149,
                    777,
                    0.3951914152584809
                ],
                [
                    154,
                    802,
                    0.28751494083953266
                ],
                [
                    171,
                    807,
                    0.4042611382836835
                ],
                [
                    184,
                    806,
                    0.4704670460742587
                ],
                [
                    159,
                    774,
                    0.29488524368866487
                ],
                [
                    166,
                    790,
                    0.36867213603758625
                ],
                [
                    176,
                    794,
                    0.4755474464008208
                ],
                [
                    185,
                    794,
                    0.4491693285608347
                ]
            ]
        }
    ]
}