{
    "version": 1.3,
    "people": [
        {
            "person_id": [
                -1
            ],
            "pose_keypoints_2d": [
                289.0,
                127.0,
                0.9477967023849487,
                329.0,
                333.0,
                0.9336901307106018,
                180.0,
                357.0,
                0.8145658373832703,
                136.0,
                605.0,
                0.6478127241134644,
                0,
                0,
                0,
                481.0,
                304.0,
                0.8631248474121094,
                532.0,
                593.0,
                0.8786595463752747,
                468.0,
                825.0,
                0.8752363324165344,
                301.5,
                830.5,
                0.6547985672950745,
                201.0,
                828.0,
                0.681150496006012,
                0,
                0,
                0,
                0,
                0,
                0,
                402.0,
                833.0,
                0.628446638584137,
                0,
                0,
                0,
                0,
                0,
                0,
                247.0,
                110.0,
                0.9884214401245117,
                315.0,
                94.0,
                0.9301049113273621,
                209.0,
                152.0,
                0.7895752787590027,
                354.0,
                113.0,
                0.6146144866943359,
                0,
                0,
                0,
                0,
                0,
                0,
                0,
                0,
                0,
                0,
                0,
                0,
                0,
                0,
                0,
                0,
                0,
                0
            ],
            "face_keypoints_2d": [],
            "hand_left_keypoints_2d": [
                [
                    468.0,
                    825.0,
                    0.8752363324165344
                ],
                [
                    475,
                    863,
                    0.21298295888923158
                ],
                [
                    477,
                    899,
                    0.11835136718897056
                ],
                [
                    468,
                    925,
                    0.06884954213667274
                ],
                [
                    477,
                    907,
                    0.3179722237432215
                ],
                [
                    474,
                    940,
                    0.38895065787252525
                ],
                [
                    465,
                    961,
                    0.4119862119414562
                ],
                [
                    453,
                    980,
                    0.3661293249715587
                ],
                [
                    451,
                    908,
                    0.33063808800966554
                ],
                [
                    447,
                    947,
                    0.31985135733953163
                ],
                [
                    428,
                    973,
                    0.2659779161545273
                ],
                [
                    391,
                    983,
                    0.21796836188197496
                ],
                [
                    430,
                    897,
                    0.2756986460578671
                ],
                [
                    405,
                    942,
                    0.39384506888528137
                ],
                [
                    390,
                    960,
                    0.2870180102208282
                ],
                [
                    379,
                    976,
                    0.2507115558416225
                ],
                [
                    409,
                    878,
                    0.2871797829313927
                ],
                [
                    398,
                    916,
                    0.3476869239076327
                ],
                [
                    395,
                    934,
                    0.17066673228075976
                ],
                [
                    398,
                    932,
                    0.13278954956701008
                ]
            ],
            "hand_right_keypoints_2d": []
        }
    ]
}