{
    "version": 1.3,
    "people": [
        {
            "person_id": [
                -1
            ],
            "pose_keypoints_2d": [
                371.0,
                98.0,
                0.9042643308639526,
                398.0,
                311.0,
                0.9027224779129028,
                249.0,
                310.0,
                0.8724062442779541,
                221.0,
                550.0,
                0.8338201642036438,
                198.0,
                792.0,
                0.8655293583869934,
                548.0,
                311.0,
                0.8720076680183411,
                557.0,
                569.0,
                0.8749606609344482,
                568.0,
                807.0,
                0.8906573057174683,
                387.0,
                760.0,
                0.6859205961227417,
                293.0,
                756.0,
                0.6638847589492798,
                250.0,
                1016.0,
                0.16855297982692719,
                0,
                0,
                0,
                481.0,
                764.0,
                0.7079564332962036,
                0,
                0,
                0,
                0,
                0,
                0,
                332.0,
                81.0,
                0.9267892241477966,
                395.0,
                64.0,
                0.9235212206840515,
                300.0,
                127.0,
                0.8241592049598694,
                440.0,
                83.0,
                0.7948736548423767,
                0,
                0,
                0,
                0,
                0,
                0,
                0,
                0,
                0,
                0,
                0,
                0,
                0,
                0,
                0,
                0,
                0,
                0
            ],
            "face_keypoints_2d": [],
            "hand_left_keypoints_2d": [
                [
                    568.0,
                    807.0,
                    0.8906573057174683
                ],
                [
                    553,
                    853,
                    0.12335838835445975
                ],
                [
                    542,
                    880,
                    0.19998421544883827
                ],
                [
                    538,
                    914,
                    0.3073275790237894
                ],
                [
                    535,
                    941,
                    0.22260104908435283
                ],
                [
                    579,
                    903,
                    0.3480117344537612
                ],
                [
                    567,
                    942,
                    0.29522877922509544
                ],
                [
                    546,
                    956,
                    0.33517256926287003
                ],
                [
                    528,
                    968,
                    0.32218233515618255
                ],
                [
                    583,
                    903,
                    0.2433069597037873
                ],
                [
                    564,
                    942,
                    0.24620892114288373
                ],
                [
                    545,
                    956,
                    0.33037360315903924
                ],
                [
                    529,
                    966,
                    0.21312543584513954
                ],
                [
                    582,
                    904,
                    0.20075565002415793
                ],
                [
                    565,
                    940,
                    0.14634042239207923
                ],
                [
                    548,
                    955,
                    0.1679312637731862
                ],
                [
                    535,
                    961,
                    0.09525150218038397
                ],
                [
                    577,
                    904,
                    0.11024838106488008
                ],
                [
                    567,
                    932,
                    0.06984060808637152
                ],
                [
                    535,
                    940,
                    0.13288534743623986
                ]
            ],
            "hand_right_keypoints_2d": [
                [
                    198.0,
                    792.0,
                    0.8655293583869934
                ],
                [
                    216,
                    842,
                    0.35602564443644225
                ],
                [
                    223,
                    876,
                    0.4260866342642106
                ],
                [
                    224,
                    907,
                    0.435364266205143
                ],
                [
                    224,
                    933,
                    0.43193927361308593
                ],
                [
                    188,
                    896,
                    0.40873439537725315
                ],
                [
                    196,
                    933,
                    0.47870713606309884
                ],
                [
                    213,
                    946,
                    0.4012715981801305
                ],
                [
                    230,
                    954,
                    0.44716233320187915
                ],
                [
                    178,
                    893,
                    0.35833149514208296
                ],
                [
                    183,
                    936,
                    0.46865213961227165
                ],
                [
                    205,
                    950,
                    0.4054180219007872
                ],
                [
                    224,
                    958,
                    0.324105460974279
                ],
                [
                    174,
                    889,
                    0.3853125898993268
                ],
                [
                    173,
                    927,
                    0.38320104717741477
                ],
                [
                    195,
                    941,
                    0.28702214242322277
                ],
                [
                    213,
                    949,
                    0.17863222098097312
                ],
                [
                    173,
                    884,
                    0.395066486608495
                ],
                [
                    174,
                    914,
                    0.303893900170714
                ],
                [
                    188,
                    929,
                    0.21169997831188167
                ],
                [
                    198,
                    936,
                    0.12581933870765438
                ]
            ]
        }
    ]
}