{
    "version": 1.3,
    "people": [
        {
            "person_id": [
                -1
            ],
            "pose_keypoints_2d": [
                384.0,
                151.0,
                0.9658243656158447,
                387.0,
                339.0,
                0.9191024303436279,
                250.0,
                345.0,
                0.8861905336380005,
                199.0,
                577.0,
                0.7445652484893799,
                124.0,
                806.0,
                0.6085987687110901,
                527.0,
                335.0,
                0.8638778924942017,
                554.0,
                601.0,
                0.8756234645843506,
                595.0,
                871.0,
                0.8102926015853882,
                321.0,
                782.0,
                0.6615196168422699,
                232.0,
                775.0,
                0.6472489833831787,
                207.0,
                1016.0,
                0.11910460144281387,
                0,
                0,
                0,
                410.0,
                789.0,
                0.6757902503013611,
                0,
                0,
                0,
                0,
                0,
                0,
                349.0,
                118.0,
                0.9333779215812683,
                421.0,
                116.0,
                0.9717012643814087,
                307.0,
                145.0,
                0.8906951546669006,
                464.0,
                146.0,
                0.8389524221420288,
                0,
                0,
                0,
                0,
                0,
                0,
                0,
                0,
                0,
                0,
                0,
                0,
                0,
                0,
                0,
                0,
                0,
                0
            ],
            "face_keypoints_2d": [],
            "hand_left_keypoints_2d": [
                [
                    595.0,
                    871.0,
                    0.8102926015853882
                ],
                [
                    565,
                    1005,
                    0.09098575328311939
                ]
            ],
            "hand_right_keypoints_2d": [
                [
                    124.0,
                    806.0,
                    0.6085987687110901
                ],
                [
                    136,
                    884,
                    0.23777581606212275
                ],
                [
                    135,
                    911,
                    0.4102834715014215
                ],
                [
                    136,
                    947,
                    0.3872814828593281
                ],
                [
                    140,
                    972,
                    0.34485303822896896
                ],
                [
                    105,
                    930,
                    0.38831756333782613
                ],
                [
                    106,
                    973,
                    0.3955142761849945
                ],
                [
                    126,
                    981,
                    0.4398815554580937
                ],
                [
                    146,
                    986,
                    0.42851908051166554
                ],
                [
                    107,
                    930,
                    0.29837139379058
                ],
                [
                    108,
                    970,
                    0.1973222770523245
                ],
                [
                    131,
                    978,
                    0.11408013661193625
                ],
                [
                    144,
                    972,
                    0.06456766227932191
                ],
                [
                    112,
                    930,
                    0.206753566869684
                ],
                [
                    117,
                    961,
                    0.1651281687987006
                ],
                [
                    141,
                    800,
                    0.12219645848326892
                ],
                [
                    149,
                    784,
                    0.08454691430024164
                ],
                [
                    119,
                    929,
                    0.14550169886871153
                ],
                [
                    123,
                    954,
                    0.19540700676498646
                ],
                [
                    147,
                    812,
                    0.14868799369739674
                ],
                [
                    153,
                    797,
                    0.10582665377435688
                ]
            ]
        }
    ]
}