{
    "version": 1.3,
    "people": [
        {
            "person_id": [
                -1
            ],
            "pose_keypoints_2d": [
                344.0,
                160.0,
                0.9394926428794861,
                337.0,
                386.0,
                0.9464190006256104,
                167.0,
                380.0,
                0.8813531398773193,
                130.0,
                676.0,
                0.7594298720359802,
                127.0,
                954.0,
                0.6217910051345825,
                504.0,
                393.0,
                0.877571702003479,
                551.0,
                687.0,
                0.8418247103691101,
                0,
                0,
                0,
                385.5,
                907.5,
                0.5465246140956879,
                280.0,
                922.0,
                0.5465856194496155,
                0,
                0,
                0,
                0,
                0,
                0,
                491.0,
                893.0,
                0.5464636087417603,
                0,
                0,
                0,
                0,
                0,
                0,
                307.0,
                128.0,
                0.9078385829925537,
                380.0,
                127.0,
                0.9670807123184204,
                250.0,
                160.0,
                0.9169051647186279,
                424.0,
                157.0,
                0.7597426176071167,
                0,
                0,
                0,
                0,
                0,
                0,
                0,
                0,
                0,
                0,
                0,
                0,
                0,
                0,
                0,
                0,
                0,
                0
            ],
            "face_keypoints_2d": [],
            "hand_left_keypoints_2d": [],
            "hand_right_keypoints_2d": []
        }
    ]
}