{
    "version": 1.3,
    "people": [
        {
            "person_id": [
                -1
            ],
            "pose_keypoints_2d": [
                357.0,
                151.0,
                0.921761155128479,
                336.0,
                356.0,
                0.8597871661186218,
                176.0,
                337.0,
                0.8395710587501526,
                145.0,
                616.0,
                0.8415419459342957,
                355.0,
                648.0,
                0.6043533086776733,
                491.0,
                370.0,
                0.7943819761276245,
                408.0,
                658.0,
                0.8133192658424377,
                332.0,
                404.0,
                0.6080105900764465,
                319.5,
                904.0,
                0.6316215395927429,
                221.0,
                906.0,
                0.6196346282958984,
                0,
                0,
                0,
                0,
                0,
                0,
                418.0,
                902.0,
                0.6436084508895874,
                0,
                0,
                0,
                0,
                0,
                0,
                320.0,
                111.0,
                0.9742457270622253,
                392.0,
                112.0,
                0.9537374377250671,
                261.0,
                140.0,
                0.8352382779121399,
                434.0,
                132.0,
                0.6666561365127563,
                0,
                0,
                0,
                0,
                0,
                0,
                0,
                0,
                0,
                0,
                0,
                0,
                0,
                0,
                0,
                0,
                0,
                0
            ],
            "face_keypoints_2d": [],
            "hand_left_keypoints_2d": [
                [
                    332.0,
                    404.0,
                    0.6080105900764465
                ],
                [
                    348,
                    394,
                    0.1012025797574647
                ],
                [
                    367,
                    384,
                    0.20041283859949843
                ],
                [
                    364,
                    376,
                    0.1979255469821799
                ],
                [
                    360,
                    364,
                    0.2345325787663809
                ],
                [
                    287,
                    379,
                    0.335401652985177
                ],
                [
                    281,
                    374,
                    0.3667562180169554
                ],
                [
                    289,
                    376,
                    0.17715010138836676
                ],
                [
                    282,
                    373,
                    0.08075643137877003
                ],
                [
                    301,
                    359,
                    0.3685834048980799
                ],
                [
                    295,
                    347,
                    0.38563345513003633
                ],
                [
                    309,
                    355,
                    0.17089946158660002
                ],
                [
                    322,
                    364,
                    0.1290619071039243
                ],
                [
                    316,
                    345,
                    0.3228431213690393
                ],
                [
                    310,
                    329,
                    0.38313603695003556
                ],
                [
                    331,
                    342,
                    0.17667833958255658
                ],
                [
                    332,
                    353,
                    0.10795442528288582
                ],
                [
                    335,
                    337,
                    0.36154114173588164
                ],
                [
                    336,
                    322,
                    0.4983906727619095
                ],
                [
                    348,
                    331,
                    0.39676994400101195
                ],
                [
                    354,
                    343,
                    0.4123305568252276
                ]
            ],
            "hand_right_keypoints_2d": [
                [
                    355.0,
                    648.0,
                    0.6043533086776733
                ],
                [
                    467,
                    665,
                    0.08712331460173392
                ],
                [
                    491,
                    644,
                    0.1521806784276729
                ],
                [
                    508,
                    651,
                    0.07834913664974245
                ],
                [
                    512,
                    661,
                    0.08060203448012793
                ],
                [
                    492,
                    643,
                    0.2714677480236049
                ],
                [
                    514,
                    654,
                    0.32138662698164566
                ],
                [
                    510,
                    654,
                    0.2831115392390836
                ],
                [
                    512,
                    658,
                    0.18748159475183546
                ],
                [
                    497,
                    669,
                    0.27878505657937447
                ],
                [
                    503,
                    674,
                    0.34869334855605966
                ],
                [
                    493,
                    672,
                    0.3074026494922435
                ],
                [
                    483,
                    673,
                    0.18709677868526275
                ],
                [
                    491,
                    689,
                    0.3877146840495814
                ],
                [
                    494,
                    690,
                    0.32589948230343024
                ],
                [
                    485,
                    690,
                    0.2934853304206315
                ],
                [
                    476,
                    691,
                    0.19662400834970795
                ],
                [
                    484,
                    706,
                    0.4851383294608828
                ],
                [
                    493,
                    714,
                    0.4864410401076824
                ],
                [
                    486,
                    713,
                    0.35739053695625056
                ],
                [
                    479,
                    709,
                    0.243056629908531
                ]
            ]
        }
    ]
}