{
    "version": 1.3,
    "people": [
        {
            "person_id": [
                -1
            ],
            "pose_keypoints_2d": [
                337.0,
                112.0,
                0.9235121011734009,
                366.0,
                316.0,
                0.9032350778579712,
                230.0,
                335.0,
                0.8699493408203125,
                203.0,
                587.0,
                0.7695165872573853,
                0,
                0,
                0,
                499.0,
                290.0,
                0.869117259979248,
                698.0,
                495.0,
                0.8182685375213623,
                532.0,
                673.0,
                0.8206872940063477,
                348.5,
                757.5,
                0.6624721586704254,
                251.0,
                756.0,
                0.6657371520996094,
                237.0,
                1016.0,
                0.1412729024887085,
                0,
                0,
                0,
                446.0,
                759.0,
                0.6592071652412415,
                0,
                0,
                0,
                0,
                0,
                0,
                310.0,
                91.0,
                0.9087954759597778,
                376.0,
                91.0,
                0.9253653883934021,
                279.0,
                136.0,
                0.7344825267791748,
                425.0,
                144.0,
                0.8785242438316345,
                0,
                0,
                0,
                0,
                0,
                0,
                0,
                0,
                0,
                0,
                0,
                0,
                0,
                0,
                0,
                0,
                0,
                0
            ],
            "face_keypoints_2d": [],
            "hand_left_keypoints_2d": [
                [
                    532.0,
                    673.0,
                    0.8206872940063477
                ],
                [
                    515,
                    711,
                    0.25821464202858907
                ],
                [
                    524,
                    735,
                    0.3539031662505513
                ],
                [
                    528,
                    767,
                    0.43053830294727924
                ],
                [
                    523,
                    794,
                    0.41468131819919674
                ]
            ],
            "hand_right_keypoints_2d": []
        }
    ]
}