{
    "version": 1.3,
    "people": [
        {
            "person_id": [
                -1
            ],
            "pose_keypoints_2d": [
                437.0,
                217.0,
                0.9323682188987732,
                405.0,
                371.0,
                0.9151368737220764,
                280.0,
                368.0,
                0.8826724290847778,
                239.0,
                616.0,
                0.8249601125717163,
                234.0,
                867.0,
                0.8306719064712524,
                528.0,
                372.0,
                0.8948371410369873,
                556.0,
                548.0,
                0.8297026753425598,
                577.0,
                649.0,
                0.6795355677604675,
                417.0,
                768.0,
                0.7114373445510864,
                330.0,
                768.0,
                0.7024980187416077,
                290.0,
                1016.0,
                0.13182954490184784,
                0,
                0,
                0,
                504.0,
                768.0,
                0.7203766703605652,
                0,
                0,
                0,
                0,
                0,
                0,
                412.0,
                189.0,
                0.9551941156387329,
                468.0,
                196.0,
                0.9733213186264038,
                358.0,
                199.0,
                0.8920040130615234,
                500.0,
                215.0,
                0.5827351808547974,
                0,
                0,
                0,
                0,
                0,
                0,
                0,
                0,
                0,
                0,
                0,
                0,
                0,
                0,
                0,
                0,
                0,
                0
            ],
            "face_keypoints_2d": [],
            "hand_left_keypoints_2d": [
                [
                    577.0,
                    649.0,
                    0.6795355677604675
                ],
                [
                    567,
                    680,
                    0.08575143683080827
                ],
                [
                    529,
                    707,
                    0.08710502704348656
                ],
                [
                    572,
                    658,
                    0.0726868899684813
                ],
                [
                    596,
                    665,
                    0.0506013803593499
                ],
                [
                    605,
                    651,
                    0.07938526883435996
                ],
                [
                    599,
                    666,
                    0.06288188245756063
                ],
                [
                    609,
                    659,
                    0.09437864542758762
                ],
                [
                    604,
                    667,
                    0.09361642369371233
                ],
                [
                    599,
                    670,
                    0.08883170091696388
                ],
                [
                    593,
                    668,
                    0.06542253798407506
                ]
            ],
            "hand_right_keypoints_2d": [
                [
                    234.0,
                    867.0,
                    0.8306719064712524
                ],
                [
                    259,
                    918,
                    0.24590485171613363
                ],
                [
                    269,
                    948,
                    0.3616772629509362
                ],
                [
                    269,
                    980,
                    0.29484625613359217
                ],
                [
                    265,
                    1003,
                    0.27268872012875267
                ],
                [
                    243,
                    974,
                    0.2644770865604949
                ],
                [
                    252,
                    1011,
                    0.2778821111167191
                ],
                [
                    266,
                    1017,
                    0.12943648848482597
                ],
                [
                    278,
                    1023,
                    0.12035260351690692
                ],
                [
                    228,
                    971,
                    0.2620872378273087
                ],
                [
                    236,
                    1014,
                    0.21545062242603963
                ],
                [
                    252,
                    1012,
                    0.1198310611969013
                ],
                [
                    252,
                    1015,
                    0.05984436613649936
                ],
                [
                    221,
                    964,
                    0.2868683875783071
                ],
                [
                    225,
                    1003,
                    0.2587126764297768
                ],
                [
                    237,
                    1005,
                    0.14860053604091297
                ],
                [
                    245,
                    995,
                    0.07303498683334504
                ],
                [
                    216,
                    953,
                    0.30846105001883334
                ],
                [
                    224,
                    988,
                    0.17236107783804322
                ],
                [
                    232,
                    994,
                    0.09718059239693601
                ],
                [
                    240,
                    987,
                    0.06458702414418678
                ]
            ]
        }
    ]
}