{
    "version": 1.3,
    "people": [
        {
            "person_id": [
                -1
            ],
            "pose_keypoints_2d": [
                393.0,
                134.0,
                0.9237346053123474,
                349.0,
                320.0,
                0.8725160360336304,
                210.0,
                298.0,
                0.8595905900001526,
                191.0,
                595.0,
                0.8529826402664185,
                241.0,
                867.0,
                0.8460612297058105,
                480.0,
                334.0,
                0.8416942358016968,
                0,
                0,
                0,
                0,
                0,
                0,
                423.0,
                737.0,
                0.6912507116794586,
                332.0,
                744.0,
                0.6815749406814575,
                300.0,
                1016.0,
                0.13316455483436584,
                0,
                0,
                0,
                514.0,
                730.0,
                0.7009264826774597,
                517.0,
                1016.0,
                0.1301073133945465,
                0,
                0,
                0,
                381.0,
                87.0,
                0.9690867066383362,
                436.0,
                123.0,
                0.9091576933860779,
                328.0,
                78.0,
                0.9316205978393555,
                463.0,
                164.0,
                0.6441141366958618,
                0,
                0,
                0,
                0,
                0,
                0,
                0,
                0,
                0,
                0,
                0,
                0,
                0,
                0,
                0,
                0,
                0,
                0
            ],
            "face_keypoints_2d": [],
            "hand_left_keypoints_2d": [
                [
                    253,
                    887,
                    0.11060924380285019
                ],
                [
                    299,
                    968,
                    0.0571764835351695
                ],
                [
                    271,
                    971,
                    0.08370870310084425
                ],
                [
                    272,
                    994,
                    0.07435305606190727
                ],
                [
                    256,
                    968,
                    0.06915874686568926
                ],
                [
                    270,
                    975,
                    0.052759103111806156
                ],
                [
                    246,
                    963,
                    0.14933414547085358
                ],
                [
                    231,
                    965,
                    0.19638907222307167
                ],
                [
                    233,
                    1000,
                    0.08590641941357616
                ],
                [
                    234,
                    1003,
                    0.07434786649022605
                ]
            ],
            "hand_right_keypoints_2d": []
        }
    ]
}