{
    "version": 1.3,
    "people": [
        {
            "person_id": [
                -1
            ],
            "pose_keypoints_2d": [
                432.0,
                139.0,
                0.9583763480186462,
                407.0,
                317.0,
                0.9032007455825806,
                283.0,
                297.0,
                0.9005575180053711,
                252.0,
                551.0,
                0.8393466472625732,
                299.0,
                782.0,
                0.8507353067398071,
                528.0,
                329.0,
                0.8931764960289001,
                550.0,
                554.0,
                0.7969063520431519,
                591.0,
                766.0,
                0.6152752637863159,
                430.0,
                728.5,
                0.708882212638855,
                342.0,
                726.0,
                0.7049406170845032,
                258.0,
                1016.0,
                0.1617429405450821,
                0,
                0,
                0,
                518.0,
                731.0,
                0.7128238081932068,
                515.0,
                1016.0,
                0.19187387824058533,
                0,
                0,
                0,
                413.0,
                111.0,
                0.9785330891609192,
                466.0,
                120.0,
                0.9668543934822083,
                371.0,
                133.0,
                0.8504695296287537,
                498.0,
                159.0,
                0.7881565093994141,
                0,
                0,
                0,
                0,
                0,
                0,
                0,
                0,
                0,
                0,
                0,
                0,
                0,
                0,
                0,
                0,
                0,
                0
            ],
            "face_keypoints_2d": [],
            "hand_left_keypoints_2d": [
                [
                    591.0,
                    766.0,
                    0.6152752637863159
                ],
                [
                    610,
                    818,
                    0.2307999681378799
                ],
                [
                    605,
                    845,
                    0.2589213111052401
                ],
                [
                    607,
                    879,
                    0.3757682582740138
                ],
                [
                    606,
                    903,
                    0.1638456643783987
                ],
                [
                    627,
                    870,
                    0.23537265469320762
                ],
                [
                    623,
                    906,
                    0.34284565440351084
                ],
                [
                    607,
                    921,
                    0.24603237657495347
                ],
                [
                    588,
                    931,
                    0.18334111888908222
                ],
                [
                    625,
                    871,
                    0.19495228622846683
                ],
                [
                    608,
                    907,
                    0.2161418542455586
                ],
                [
                    588,
                    919,
                    0.23309664039212036
                ],
                [
                    570,
                    927,
                    0.23995272704653114
                ],
                [
                    626,
                    868,
                    0.16407337260645194
                ],
                [
                    610,
                    904,
                    0.11426358822538774
                ],
                [
                    590,
                    918,
                    0.20362762962479897
                ],
                [
                    572,
                    921,
                    0.19746177160770712
                ],
                [
                    627,
                    864,
                    0.09372252673748856
                ],
                [
                    610,
                    879,
                    0.056922863090985015
                ],
                [
                    607,
                    921,
                    0.10454793906368473
                ],
                [
                    589,
                    931,
                    0.13059881507715843
                ]
            ],
            "hand_right_keypoints_2d": [
                [
                    299.0,
                    782.0,
                    0.8507353067398071
                ],
                [
                    327,
                    816,
                    0.3615508622248491
                ],
                [
                    347,
                    841,
                    0.40000225309995185
                ],
                [
                    354,
                    875,
                    0.33303142455131796
                ],
                [
                    356,
                    900,
                    0.3714709851452716
                ],
                [
                    339,
                    868,
                    0.4038739396277411
                ],
                [
                    349,
                    907,
                    0.4500122156858395
                ],
                [
                    357,
                    917,
                    0.4414222730036741
                ],
                [
                    361,
                    919,
                    0.43727327849387415
                ],
                [
                    319,
                    872,
                    0.45138772325297427
                ],
                [
                    331,
                    912,
                    0.4334209126825385
                ],
                [
                    340,
                    919,
                    0.43181214533097506
                ],
                [
                    347,
                    916,
                    0.3544545486861354
                ],
                [
                    303,
                    872,
                    0.4514165562314122
                ],
                [
                    315,
                    909,
                    0.44415002400316694
                ],
                [
                    323,
                    913,
                    0.35820232865260015
                ],
                [
                    330,
                    911,
                    0.25636240835257534
                ],
                [
                    290,
                    869,
                    0.4559606487139317
                ],
                [
                    299,
                    902,
                    0.44253182723355955
                ],
                [
                    306,
                    904,
                    0.31141774148130186
                ],
                [
                    312,
                    901,
                    0.20354363536217254
                ]
            ]
        }
    ]
}