{
    "version": 1.3,
    "people": [
        {
            "person_id": [
                -1
            ],
            "pose_keypoints_2d": [
                417.0,
                175.0,
                0.9568341374397278,
                395.0,
                344.0,
                0.8867385983467102,
                289.0,
                345.0,
                0.8842050433158875,
                243.0,
                559.0,
                0.853971004486084,
                222.0,
                749.0,
                0.7477913498878479,
                508.0,
                340.0,
                0.8938621878623962,
                545.0,
                549.0,
                0.854387640953064,
                559.0,
                733.0,
                0.9158996343612671,
                391.5,
                699.0,
                0.6966687440872192,
                315.0,
                696.0,
                0.6690421104431152,
                320.0,
                1016.0,
                0.5102659463882446,
                0,
                0,
                0,
                468.0,
                702.0,
                0.7242953777313232,
                526.0,
                1016.0,
                0.45972976088523865,
                0,
                0,
                0,
                386.0,
                153.0,
                0.9692862033843994,
                436.0,
                156.0,
                0.9292251467704773,
                337.0,
                173.0,
                0.8769356608390808,
                464.0,
                188.0,
                0.34954187273979187,
                0,
                0,
                0,
                0,
                0,
                0,
                0,
                0,
                0,
                0,
                0,
                0,
                0,
                0,
                0,
                0,
                0,
                0
            ],
            "face_keypoints_2d": [],
            "hand_left_keypoints_2d": [
                [
                    559.0,
                    733.0,
                    0.9158996343612671
                ],
                [
                    548,
                    769,
                    0.1940143205651504
                ],
                [
                    542,
                    794,
                    0.2641354210320373
                ],
                [
                    547,
                    820,
                    0.38525523401682094
                ],
                [
                    550,
                    841,
                    0.3152747778719446
                ],
                [
                    576,
                    807,
                    0.2819949992383267
                ],
                [
                    577,
                    842,
                    0.2759320172129054
                ],
                [
                    561,
                    855,
                    0.27415993729494526
                ],
                [
                    547,
                    864,
                    0.20331738392240514
                ],
                [
                    580,
                    807,
                    0.28294057294698466
                ],
                [
                    577,
                    844,
                    0.2974411637770439
                ],
                [
                    559,
                    857,
                    0.2658589577828659
                ],
                [
                    546,
                    866,
                    0.2519885850178592
                ],
                [
                    579,
                    807,
                    0.2583559587635065
                ],
                [
                    573,
                    841,
                    0.2617195420567149
                ],
                [
                    560,
                    855,
                    0.33014249581502647
                ],
                [
                    546,
                    865,
                    0.2913363553278179
                ],
                [
                    576,
                    808,
                    0.17619246122111706
                ],
                [
                    570,
                    837,
                    0.15879252238350072
                ],
                [
                    561,
                    851,
                    0.14312731325279232
                ],
                [
                    550,
                    843,
                    0.148497227670288
                ]
            ],
            "hand_right_keypoints_2d": [
                [
                    222.0,
                    749.0,
                    0.7477913498878479
                ],
                [
                    232,
                    786,
                    0.3234046853732514
                ],
                [
                    236,
                    815,
                    0.33770921322904457
                ],
                [
                    234,
                    839,
                    0.3947590863891508
                ],
                [
                    232,
                    853,
                    0.359370572070353
                ],
                [
                    206,
                    820,
                    0.3505335544646284
                ],
                [
                    213,
                    855,
                    0.38848998043003513
                ],
                [
                    230,
                    863,
                    0.4025523307398998
                ],
                [
                    242,
                    866,
                    0.39070002782180147
                ],
                [
                    203,
                    821,
                    0.36565017676299494
                ],
                [
                    211,
                    854,
                    0.3760512818563213
                ],
                [
                    232,
                    858,
                    0.375579987874339
                ],
                [
                    245,
                    858,
                    0.32129965661675114
                ],
                [
                    204,
                    820,
                    0.3064041465579605
                ],
                [
                    212,
                    848,
                    0.2753143325638734
                ],
                [
                    229,
                    853,
                    0.3032099208769833
                ],
                [
                    241,
                    850,
                    0.3257722177628202
                ],
                [
                    209,
                    819,
                    0.27841779291251917
                ],
                [
                    217,
                    841,
                    0.27491943181412437
                ],
                [
                    226,
                    845,
                    0.2892441265297421
                ],
                [
                    236,
                    846,
                    0.2347522429683138
                ]
            ]
        }
    ]
}