{
    "version": 1.3,
    "people": [
        {
            "person_id": [
                -1
            ],
            "pose_keypoints_2d": [
                292.0,
                172.0,
                0.938313364982605,
                389.0,
                376.0,
                0.8955858945846558,
                253.0,
                399.0,
                0.798682689666748,
                206.0,
                651.0,
                0.20885509252548218,
                0,
                0,
                0,
                532.0,
                352.0,
                0.8079509139060974,
                586.0,
                633.0,
                0.7261764407157898,
                554.0,
                919.0,
                0.7023226618766785,
                330.5,
                854.0,
                0.5548636615276337,
                231.0,
                847.0,
                0.5520914196968079,
                0,
                0,
                0,
                0,
                0,
                0,
                430.0,
                861.0,
                0.5576359033584595,
                0,
                0,
                0,
                0,
                0,
                0,
                258.0,
                154.0,
                0.9128829836845398,
                327.0,
                132.0,
                0.9244063496589661,
                244.0,
                203.0,
                0.30903440713882446,
                398.0,
                154.0,
                0.8488045334815979,
                0,
                0,
                0,
                0,
                0,
                0,
                0,
                0,
                0,
                0,
                0,
                0,
                0,
                0,
                0,
                0,
                0,
                0
            ],
            "face_keypoints_2d": [],
            "hand_left_keypoints_2d": [],
            "hand_right_keypoints_2d": []
        }
    ]
}