{
    "version": 1.3,
    "people": [
        {
            "person_id": [
                -1
            ],
            "pose_keypoints_2d": [
                344.0,
                136.0,
                0.9248586893081665,
                334.0,
                339.0,
                0.94408118724823,
                185.0,
                332.0,
                0.8764970898628235,
                117.0,
                579.0,
                0.8408019542694092,
                128.0,
                797.0,
                0.8522657155990601,
                481.0,
                345.0,
                0.908457338809967,
                548.0,
                590.0,
                0.8150579929351807,
                606.0,
                805.0,
                0.8421510457992554,
                350.0,
                797.5,
                0.6955028176307678,
                245.0,
                796.0,
                0.7013868689537048,
                0,
                0,
                0,
                0,
                0,
                0,
                455.0,
                799.0,
                0.6896187663078308,
                0,
                0,
                0,
                0,
                0,
                0,
                322.0,
                109.0,
                0.9322454929351807,
                382.0,
                116.0,
                0.9669957756996155,
                281.0,
                144.0,
                0.7767696380615234,
                422.0,
                161.0,
                0.8299371600151062,
                0,
                0,
                0,
                0,
                0,
                0,
                0,
                0,
                0,
                0,
                0,
                0,
                0,
                0,
                0,
                0,
                0,
                0
            ],
            "face_keypoints_2d": [],
            "hand_left_keypoints_2d": [
                [
                    606.0,
                    805.0,
                    0.8421510457992554
                ],
                [
                    601,
                    840,
                    0.17354887180639866
                ],
                [
                    594,
                    873,
                    0.2105570721007204
                ],
                [
                    595,
                    904,
                    0.22718918402883143
                ],
                [
                    594,
                    932,
                    0.18067488564278192
                ],
                [
                    630,
                    884,
                    0.2733764792259838
                ],
                [
                    622,
                    925,
                    0.3541337445926159
                ],
                [
                    608,
                    941,
                    0.3288865834280606
                ],
                [
                    594,
                    954,
                    0.22617434092702482
                ],
                [
                    631,
                    885,
                    0.25871746818277047
                ],
                [
                    621,
                    921,
                    0.10303911976575253
                ],
                [
                    598,
                    939,
                    0.11243937447795649
                ],
                [
                    589,
                    950,
                    0.1378535576306393
                ],
                [
                    629,
                    887,
                    0.21192982280749645
                ],
                [
                    597,
                    905,
                    0.1608351318159125
                ],
                [
                    602,
                    939,
                    0.10123797756125974
                ],
                [
                    590,
                    952,
                    0.22779811111134918
                ],
                [
                    627,
                    891,
                    0.13367985107424768
                ],
                [
                    621,
                    923,
                    0.13950238721239602
                ],
                [
                    607,
                    941,
                    0.140830252780894
                ],
                [
                    595,
                    953,
                    0.18300204928972105
                ]
            ],
            "hand_right_keypoints_2d": [
                [
                    128.0,
                    797.0,
                    0.8522657155990601
                ],
                [
                    148,
                    831,
                    0.3723010543825196
                ],
                [
                    158,
                    860,
                    0.42916006330909046
                ],
                [
                    158,
                    893,
                    0.4493787102751934
                ],
                [
                    160,
                    920,
                    0.458296153734252
                ],
                [
                    128,
                    886,
                    0.4113210392472335
                ],
                [
                    134,
                    920,
                    0.4605499915304013
                ],
                [
                    147,
                    939,
                    0.41454003555089797
                ],
                [
                    157,
                    955,
                    0.4286024354661915
                ],
                [
                    116,
                    883,
                    0.37380820353559996
                ],
                [
                    121,
                    921,
                    0.3871375080282197
                ],
                [
                    138,
                    946,
                    0.43425265967342125
                ],
                [
                    150,
                    963,
                    0.43729432884910774
                ],
                [
                    110,
                    880,
                    0.4144045366818796
                ],
                [
                    117,
                    916,
                    0.34061613581192207
                ],
                [
                    133,
                    936,
                    0.22749114356675346
                ],
                [
                    146,
                    956,
                    0.1755822655414475
                ],
                [
                    107,
                    874,
                    0.39134726134246267
                ],
                [
                    115,
                    902,
                    0.2658674973783992
                ],
                [
                    128,
                    917,
                    0.17697580960248863
                ],
                [
                    135,
                    930,
                    0.09999138368426859
                ]
            ]
        }
    ]
}