{
    "version": 1.3,
    "people": [
        {
            "person_id": [
                -1
            ],
            "pose_keypoints_2d": [
                355.0,
                186.0,
                0.9333727955818176,
                391.0,
                358.0,
                0.902446985244751,
                248.0,
                371.0,
                0.8970938324928284,
                200.0,
                614.0,
                0.8456132411956787,
                171.0,
                840.0,
                0.8022416234016418,
                544.0,
                337.0,
                0.8661056756973267,
                608.0,
                579.0,
                0.8599172830581665,
                601.0,
                820.0,
                0.8732272386550903,
                392.0,
                812.0,
                0.6827839016914368,
                285.0,
                811.0,
                0.6877792477607727,
                0,
                0,
                0,
                0,
                0,
                0,
                499.0,
                813.0,
                0.6777885556221008,
                0,
                0,
                0,
                0,
                0,
                0,
                325.0,
                158.0,
                0.9705426692962646,
                383.0,
                152.0,
                0.9632479548454285,
                288.0,
                186.0,
                0.750664234161377,
                431.0,
                169.0,
                0.7896289229393005,
                0,
                0,
                0,
                0,
                0,
                0,
                0,
                0,
                0,
                0,
                0,
                0,
                0,
                0,
                0,
                0,
                0,
                0
            ],
            "face_keypoints_2d": [],
            "hand_left_keypoints_2d": [
                [
                    601.0,
                    820.0,
                    0.8732272386550903
                ],
                [
                    611,
                    863,
                    0.13970794184658702
                ],
                [
                    624,
                    892,
                    0.1352100169041246
                ],
                [
                    618,
                    942,
                    0.2489965721917435
                ],
                [
                    613,
                    959,
                    0.318932472083014
                ],
                [
                    614,
                    903,
                    0.1085331945980928
                ],
                [
                    608,
                    944,
                    0.3691572553896264
                ],
                [
                    600,
                    968,
                    0.4017252397533175
                ],
                [
                    595,
                    987,
                    0.38033546837211846
                ],
                [
                    591,
                    904,
                    0.28040088217719256
                ],
                [
                    587,
                    948,
                    0.39155999010473547
                ],
                [
                    581,
                    977,
                    0.37591945881684236
                ],
                [
                    576,
                    999,
                    0.37634781402513934
                ],
                [
                    568,
                    902,
                    0.2605621455922157
                ],
                [
                    562,
                    945,
                    0.4482741250869826
                ],
                [
                    557,
                    970,
                    0.4396746238361042
                ],
                [
                    553,
                    990,
                    0.3463951535782084
                ],
                [
                    547,
                    907,
                    0.22112134398575142
                ],
                [
                    542,
                    937,
                    0.21273510449464342
                ],
                [
                    544,
                    939,
                    0.192541458952526
                ],
                [
                    548,
                    938,
                    0.09800800826551823
                ]
            ],
            "hand_right_keypoints_2d": [
                [
                    171.0,
                    840.0,
                    0.8022416234016418
                ],
                [
                    185,
                    876,
                    0.22855491811165168
                ],
                [
                    189,
                    903,
                    0.29710278932376183
                ],
                [
                    192,
                    937,
                    0.33991155823486774
                ],
                [
                    195,
                    961,
                    0.3271716383722614
                ],
                [
                    159,
                    919,
                    0.333522706275655
                ],
                [
                    166,
                    959,
                    0.2827832265980551
                ],
                [
                    184,
                    971,
                    0.3251159451707295
                ],
                [
                    204,
                    973,
                    0.4070498638892658
                ],
                [
                    162,
                    920,
                    0.22962534885901276
                ],
                [
                    167,
                    958,
                    0.15231598978211308
                ],
                [
                    199,
                    964,
                    0.23229979392789862
                ],
                [
                    212,
                    966,
                    0.28974508484701
                ],
                [
                    168,
                    918,
                    0.16826124795455016
                ],
                [
                    175,
                    949,
                    0.1385651848725144
                ],
                [
                    200,
                    958,
                    0.18538984210291526
                ],
                [
                    213,
                    961,
                    0.2807177583537172
                ],
                [
                    174,
                    917,
                    0.11778119320977383
                ],
                [
                    185,
                    944,
                    0.14197164838399162
                ],
                [
                    198,
                    944,
                    0.18235787717441193
                ],
                [
                    208,
                    948,
                    0.2597222402929996
                ]
            ]
        }
    ]
}