{
    "version": 1.3,
    "people": [
        {
            "person_id": [
                -1
            ],
            "pose_keypoints_2d": [
                431.0,
                134.0,
                0.926995575428009,
                340.0,
                299.0,
                0.8562743067741394,
                246.0,
                294.0,
                0.8551003932952881,
                228.0,
                566.0,
                0.7675055265426636,
                280.0,
                814.0,
                0.8248736262321472,
                439.0,
                303.0,
                0.7236601114273071,
                481.0,
                327.0,
                0.10601484030485153,
                0,
                0,
                0,
                441.0,
                718.0,
                0.6420469880104065,
                369.0,
                736.0,
                0.6399667263031006,
                390.0,
                1016.0,
                0.1380498856306076,
                0,
                0,
                0,
                513.0,
                700.0,
                0.6441272497177124,
                544.0,
                1016.0,
                0.25316908955574036,
                0,
                0,
                0,
                412.0,
                95.0,
                0.946492075920105,
                466.0,
                121.0,
                0.9120492339134216,
                336.0,
                112.0,
                0.918673038482666,
                469.0,
                181.0,
                0.34252506494522095,
                0,
                0,
                0,
                0,
                0,
                0,
                0,
                0,
                0,
                0,
                0,
                0,
                0,
                0,
                0,
                0,
                0,
                0
            ],
            "face_keypoints_2d": [],
            "hand_left_keypoints_2d": [
                [
                    290,
                    835,
                    0.3236625691672094
                ],
                [
                    316,
                    860,
                    0.27181597378167066
                ],
                [
                    339,
                    891,
                    0.3694243680491418
                ],
                [
                    343,
                    925,
                    0.3384754481612614
                ],
                [
                    338,
                    942,
                    0.15073954264463746
                ],
                [
                    331,
                    921,
                    0.4065965082587686
                ],
                [
                    339,
                    961,
                    0.4396817040833467
                ],
                [
                    340,
                    976,
                    0.41816881680062895
                ],
                [
                    341,
                    986,
                    0.4611622868871593
                ],
                [
                    310,
                    925,
                    0.4330076040582977
                ],
                [
                    316,
                    966,
                    0.44205175902707816
                ],
                [
                    320,
                    980,
                    0.3775861358419452
                ],
                [
                    325,
                    989,
                    0.440611614253398
                ],
                [
                    291,
                    923,
                    0.38482942850160534
                ],
                [
                    297,
                    961,
                    0.43019801925068857
                ],
                [
                    302,
                    969,
                    0.37187062802507725
                ],
                [
                    308,
                    970,
                    0.24637240280644968
                ],
                [
                    275,
                    916,
                    0.35215637135009414
                ],
                [
                    278,
                    949,
                    0.4489065389126672
                ],
                [
                    284,
                    958,
                    0.42398469258444166
                ],
                [
                    288,
                    958,
                    0.2620571924737387
                ]
            ],
            "hand_right_keypoints_2d": []
        }
    ]
}