{
    "version": 1.3,
    "people": [
        {
            "person_id": [
                -1
            ],
            "pose_keypoints_2d": [
                361.0,
                212.0,
                0.9455949068069458,
                366.0,
                373.0,
                0.8998197913169861,
                241.0,
                384.0,
                0.893027663230896,
                210.0,
                605.0,
                0.9123107194900513,
                189.0,
                812.0,
                0.7588844299316406,
                490.0,
                358.0,
                0.8746247291564941,
                516.0,
                594.0,
                0.8322405219078064,
                482.0,
                792.0,
                0.688764750957489,
                355.5,
                683.0,
                0.7378160655498505,
                280.0,
                678.0,
                0.7711784839630127,
                255.0,
                963.0,
                0.571143627166748,
                0,
                0,
                0,
                431.0,
                688.0,
                0.7044536471366882,
                407.0,
                965.0,
                0.5063191652297974,
                0,
                0,
                0,
                332.0,
                193.0,
                0.9764449596405029,
                385.0,
                190.0,
                0.9513570070266724,
                296.0,
                206.0,
                0.8616930246353149,
                427.0,
                201.0,
                0.920711874961853,
                0,
                0,
                0,
                0,
                0,
                0,
                0,
                0,
                0,
                0,
                0,
                0,
                0,
                0,
                0,
                0,
                0,
                0
            ],
            "face_keypoints_2d": [],
            "hand_left_keypoints_2d": [
                [
                    482.0,
                    792.0,
                    0.688764750957489
                ],
                [
                    427,
                    931,
                    0.06094187954150752
                ],
                [
                    413,
                    897,
                    0.168493350487133
                ],
                [
                    411,
                    921,
                    0.11115028169419658
                ],
                [
                    413,
                    770,
                    0.07006080997420919
                ],
                [
                    417,
                    763,
                    0.08844592131541593
                ],
                [
                    402,
                    785,
                    0.05700708033625231
                ],
                [
                    403,
                    767,
                    0.07417046296015055
                ],
                [
                    398,
                    758,
                    0.054456574440134096
                ],
                [
                    396,
                    784,
                    0.05644476771374478
                ],
                [
                    396,
                    769,
                    0.05363496098169031
                ]
            ],
            "hand_right_keypoints_2d": [
                [
                    189.0,
                    812.0,
                    0.7588844299316406
                ],
                [
                    171,
                    879,
                    0.23359023504682003
                ],
                [
                    170,
                    908,
                    0.333759168784179
                ],
                [
                    175,
                    935,
                    0.3685204865459343
                ],
                [
                    174,
                    959,
                    0.26014799465044847
                ],
                [
                    141,
                    922,
                    0.40245671592273596
                ],
                [
                    146,
                    957,
                    0.3881738494973359
                ],
                [
                    160,
                    971,
                    0.4123469553408748
                ],
                [
                    178,
                    978,
                    0.42363367901322124
                ],
                [
                    144,
                    921,
                    0.3287600508226384
                ],
                [
                    147,
                    955,
                    0.2851878639782225
                ],
                [
                    163,
                    969,
                    0.20850753141419645
                ],
                [
                    178,
                    975,
                    0.12209509827535137
                ],
                [
                    149,
                    920,
                    0.2371976265584187
                ],
                [
                    154,
                    948,
                    0.23629806270036202
                ],
                [
                    166,
                    957,
                    0.1850368926332463
                ],
                [
                    178,
                    958,
                    0.117341106232949
                ],
                [
                    156,
                    918,
                    0.15962092105367398
                ],
                [
                    161,
                    939,
                    0.2322523619040268
                ],
                [
                    174,
                    944,
                    0.17317490356450288
                ],
                [
                    179,
                    949,
                    0.10862412340957751
                ]
            ]
        }
    ]
}