{
    "version": 1.3,
    "people": [
        {
            "person_id": [
                -1
            ],
            "pose_keypoints_2d": [
                397.0,
                130.0,
                0.9339268207550049,
                418.0,
                301.0,
                0.9399366974830627,
                274.0,
                302.0,
                0.8849656581878662,
                208.0,
                552.0,
                0.8675722479820251,
                161.0,
                783.0,
                0.8425936698913574,
                563.0,
                299.0,
                0.9111023545265198,
                609.0,
                555.0,
                0.9205320477485657,
                557.0,
                773.0,
                0.9204619526863098,
                378.0,
                715.5,
                0.6620973348617554,
                278.0,
                712.0,
                0.6451429128646851,
                279.0,
                1016.0,
                0.14692962169647217,
                0,
                0,
                0,
                478.0,
                719.0,
                0.6790517568588257,
                543.0,
                1016.0,
                0.13202574849128723,
                0,
                0,
                0,
                369.0,
                109.0,
                0.9857973456382751,
                424.0,
                102.0,
                0.9615542888641357,
                334.0,
                131.0,
                0.7280471324920654,
                467.0,
                111.0,
                0.776881992816925,
                0,
                0,
                0,
                0,
                0,
                0,
                0,
                0,
                0,
                0,
                0,
                0,
                0,
                0,
                0,
                0,
                0,
                0
            ],
            "face_keypoints_2d": [],
            "hand_left_keypoints_2d": [
                [
                    557.0,
                    773.0,
                    0.9204619526863098
                ],
                [
                    531,
                    786,
                    0.11376791323104866
                ],
                [
                    503,
                    803,
                    0.1420087850344068
                ],
                [
                    482,
                    826,
                    0.25062495332553475
                ],
                [
                    468,
                    846,
                    0.17543915549219635
                ],
                [
                    552,
                    846,
                    0.36364182773851406
                ],
                [
                    551,
                    876,
                    0.43111048081232345
                ],
                [
                    547,
                    894,
                    0.4298049970710129
                ],
                [
                    540,
                    911,
                    0.4537429399133548
                ],
                [
                    536,
                    847,
                    0.3571228789117707
                ],
                [
                    530,
                    885,
                    0.3872309189296374
                ],
                [
                    516,
                    906,
                    0.4084454691930902
                ],
                [
                    506,
                    923,
                    0.4199911144290552
                ],
                [
                    524,
                    844,
                    0.1779790932674802
                ],
                [
                    511,
                    886,
                    0.33969900905489847
                ],
                [
                    497,
                    903,
                    0.4013716695180309
                ],
                [
                    486,
                    920,
                    0.38277336741602985
                ],
                [
                    513,
                    839,
                    0.19595671090722183
                ],
                [
                    496,
                    872,
                    0.31855945373645017
                ],
                [
                    485,
                    887,
                    0.3706576658762137
                ],
                [
                    476,
                    899,
                    0.3898800453580733
                ]
            ],
            "hand_right_keypoints_2d": [
                [
                    161.0,
                    783.0,
                    0.8425936698913574
                ],
                [
                    174,
                    815,
                    0.25506718211905527
                ],
                [
                    180,
                    852,
                    0.3923486186879883
                ],
                [
                    179,
                    880,
                    0.42819370459165695
                ],
                [
                    180,
                    903,
                    0.33729203339176245
                ],
                [
                    148,
                    866,
                    0.39733918420860526
                ],
                [
                    149,
                    902,
                    0.42609176729935605
                ],
                [
                    161,
                    918,
                    0.4480166911781778
                ],
                [
                    174,
                    928,
                    0.45740034313670647
                ],
                [
                    140,
                    866,
                    0.3822272508755612
                ],
                [
                    147,
                    901,
                    0.4100790715553372
                ],
                [
                    168,
                    913,
                    0.3700375607713847
                ],
                [
                    188,
                    917,
                    0.3899003489907117
                ],
                [
                    138,
                    864,
                    0.39397825326825114
                ],
                [
                    147,
                    892,
                    0.30897016370353797
                ],
                [
                    166,
                    905,
                    0.2929777696652446
                ],
                [
                    186,
                    908,
                    0.29078051725553367
                ],
                [
                    139,
                    861,
                    0.3354834821830698
                ],
                [
                    150,
                    883,
                    0.3029069437424545
                ],
                [
                    164,
                    891,
                    0.24699223554090086
                ],
                [
                    179,
                    901,
                    0.24252663822632348
                ]
            ]
        }
    ]
}