{
    "version": 1.3,
    "people": [
        {
            "person_id": [
                -1
            ],
            "pose_keypoints_2d": [
                248.0,
                157.0,
                0.9728763103485107,
                331.0,
                342.0,
                0.8887268304824829,
                207.0,
                344.0,
                0.8655587434768677,
                0,
                0,
                0,
                0,
                0,
                0,
                452.0,
                344.0,
                0.8256245255470276,
                474.0,
                629.0,
                0.8313764333724976,
                463.0,
                898.0,
                0.7747935056686401,
                282.5,
                784.5,
                0.6513820886611938,
                206.0,
                773.0,
                0.6801239252090454,
                0,
                0,
                0,
                0,
                0,
                0,
                359.0,
                796.0,
                0.6226402521133423,
                0,
                0,
                0,
                0,
                0,
                0,
                213.0,
                124.0,
                0.9288954138755798,
                285.0,
                113.0,
                0.9965909123420715,
                0,
                0,
                0,
                355.0,
                111.0,
                0.9061713218688965,
                0,
                0,
                0,
                0,
                0,
                0,
                0,
                0,
                0,
                0,
                0,
                0,
                0,
                0,
                0,
                0,
                0,
                0
            ],
            "face_keypoints_2d": [],
            "hand_left_keypoints_2d": [],
            "hand_right_keypoints_2d": []
        }
    ]
}