{
    "version": 1.3,
    "people": [
        {
            "person_id": [
                -1
            ],
            "pose_keypoints_2d": [
                269.0,
                157.0,
                0.9518067836761475,
                248.0,
                345.0,
                0.943181574344635,
                127.0,
                356.0,
                0.882606565952301,
                138.0,
                574.0,
                0.20547829568386078,
                0,
                0,
                0,
                372.0,
                340.0,
                0.887125551700592,
                420.0,
                571.0,
                0.8290303945541382,
                446.0,
                792.0,
                0.7637114524841309,
                266.0,
                743.5,
                0.7357843220233917,
                183.0,
                753.0,
                0.747763454914093,
                189.0,
                1016.0,
                0.43959474563598633,
                0,
                0,
                0,
                349.0,
                734.0,
                0.7238051891326904,
                434.0,
                1016.0,
                0.5156860947608948,
                0,
                0,
                0,
                237.0,
                129.0,
                0.9364107251167297,
                294.0,
                133.0,
                0.9352605938911438,
                176.0,
                157.0,
                0.7706036567687988,
                327.0,
                165.0,
                0.309245228767395,
                0,
                0,
                0,
                0,
                0,
                0,
                0,
                0,
                0,
                0,
                0,
                0,
                0,
                0,
                0,
                0,
                0,
                0
            ],
            "face_keypoints_2d": [],
            "hand_left_keypoints_2d": [
                [
                    446.0,
                    792.0,
                    0.7637114524841309
                ],
                [
                    445,
                    848,
                    0.17216861391882024
                ],
                [
                    444,
                    880,
                    0.18784213212397624
                ],
                [
                    449,
                    914,
                    0.30742200452729374
                ],
                [
                    449,
                    938,
                    0.2123359125664077
                ],
                [
                    478,
                    891,
                    0.28631700474878463
                ],
                [
                    481,
                    929,
                    0.27322411764632376
                ],
                [
                    463,
                    946,
                    0.2899559984098525
                ],
                [
                    445,
                    958,
                    0.24679559395531436
                ],
                [
                    485,
                    889,
                    0.3151421082605801
                ],
                [
                    482,
                    930,
                    0.3126084836500921
                ],
                [
                    461,
                    946,
                    0.2024317065445795
                ],
                [
                    444,
                    956,
                    0.17397542730142496
                ],
                [
                    484,
                    891,
                    0.2706677364709052
                ],
                [
                    481,
                    929,
                    0.29649582751080084
                ],
                [
                    463,
                    945,
                    0.23068314564302012
                ],
                [
                    445,
                    956,
                    0.18909439898729452
                ],
                [
                    479,
                    893,
                    0.2097795339370625
                ],
                [
                    476,
                    925,
                    0.20247203327291202
                ],
                [
                    464,
                    942,
                    0.12498215970087173
                ],
                [
                    448,
                    943,
                    0.13600586501444228
                ]
            ],
            "hand_right_keypoints_2d": []
        }
    ]
}