{
    "version": 1.3,
    "people": [
        {
            "person_id": [
                -1
            ],
            "pose_keypoints_2d": [
                416.0,
                211.0,
                0.9864098429679871,
                411.0,
                403.0,
                0.870698869228363,
                273.0,
                379.0,
                0.8146424889564514,
                236.0,
                588.0,
                0.5922217965126038,
                0,
                0,
                0,
                543.0,
                424.0,
                0.8525393605232239,
                529.0,
                628.0,
                0.359535813331604,
                0,
                0,
                0,
                383.0,
                800.5,
                0.7225898802280426,
                293.0,
                791.0,
                0.7106632590293884,
                0,
                0,
                0,
                0,
                0,
                0,
                473.0,
                810.0,
                0.7345165014266968,
                0,
                0,
                0,
                0,
                0,
                0,
                376.0,
                191.0,
                0.9471403956413269,
                442.0,
                180.0,
                0.9111877083778381,
                334.0,
                215.0,
                0.7133331298828125,
                490.0,
                200.0,
                0.7639684677124023,
                0,
                0,
                0,
                0,
                0,
                0,
                0,
                0,
                0,
                0,
                0,
                0,
                0,
                0,
                0,
                0,
                0,
                0
            ],
            "face_keypoints_2d": [],
            "hand_left_keypoints_2d": [],
            "hand_right_keypoints_2d": []
        }
    ]
}