{
    "version": 1.3,
    "people": [
        {
            "person_id": [
                -1
            ],
            "pose_keypoints_2d": [
                335.0,
                121.0,
                0.9584062695503235,
                339.0,
                313.0,
                0.9056234359741211,
                198.0,
                328.0,
                0.883778989315033,
                168.0,
                604.0,
                0.8849896788597107,
                154.0,
                867.0,
                0.8466141223907471,
                485.0,
                294.0,
                0.8531229496002197,
                537.0,
                541.0,
                0.8619139790534973,
                478.0,
                697.0,
                0.8267867565155029,
                336.0,
                790.0,
                0.680984228849411,
                239.0,
                788.0,
                0.6736238598823547,
                0,
                0,
                0,
                0,
                0,
                0,
                433.0,
                792.0,
                0.6883445978164673,
                0,
                0,
                0,
                0,
                0,
                0,
                303.0,
                91.0,
                0.9327569603919983,
                372.0,
                101.0,
                0.9648723006248474,
                256.0,
                110.0,
                0.9356598258018494,
                411.0,
                123.0,
                0.8424687385559082,
                0,
                0,
                0,
                0,
                0,
                0,
                0,
                0,
                0,
                0,
                0,
                0,
                0,
                0,
                0,
                0,
                0,
                0
            ],
            "face_keypoints_2d": [],
            "hand_left_keypoints_2d": [
                [
                    478.0,
                    697.0,
                    0.8267867565155029
                ],
                [
                    447,
                    704,
                    0.1666063857032621
                ],
                [
                    413,
                    714,
                    0.2432119948379925
                ],
                [
                    383,
                    734,
                    0.31614526463006465
                ],
                [
                    358,
                    750,
                    0.30404528306260326
                ],
                [
                    430,
                    750,
                    0.10263127553001118
                ],
                [
                    447,
                    761,
                    0.13666771733438515
                ],
                [
                    458,
                    766,
                    0.16495029277000364
                ],
                [
                    471,
                    767,
                    0.1498158562633829
                ]
            ],
            "hand_right_keypoints_2d": [
                [
                    154.0,
                    867.0,
                    0.8466141223907471
                ],
                [
                    172,
                    907,
                    0.3796921529416928
                ],
                [
                    181,
                    942,
                    0.5542130334504531
                ],
                [
                    184,
                    974,
                    0.42194682399563577
                ],
                [
                    184,
                    1002,
                    0.38572745454697366
                ],
                [
                    146,
                    966,
                    0.486932051605645
                ],
                [
                    154,
                    1008,
                    0.4146367198255131
                ],
                [
                    174,
                    1016,
                    0.2762222868078402
                ],
                [
                    190,
                    1023,
                    0.16415683648897839
                ],
                [
                    136,
                    965,
                    0.4358693595661589
                ],
                [
                    143,
                    1007,
                    0.29033289578903104
                ],
                [
                    159,
                    1006,
                    0.09446773634092835
                ],
                [
                    173,
                    996,
                    0.060629622382167986
                ],
                [
                    131,
                    960,
                    0.4715058434605612
                ],
                [
                    136,
                    994,
                    0.24789933983955525
                ],
                [
                    154,
                    994,
                    0.14171764868156328
                ],
                [
                    168,
                    994,
                    0.08352092202583332
                ],
                [
                    127,
                    953,
                    0.36459499392536016
                ],
                [
                    134,
                    979,
                    0.24048786009868534
                ],
                [
                    148,
                    983,
                    0.1142289417944157
                ],
                [
                    154,
                    977,
                    0.07782524079340865
                ]
            ]
        }
    ]
}