{
    "version": 1.3,
    "people": [
        {
            "person_id": [
                -1
            ],
            "pose_keypoints_2d": [
                347.0,
                105.0,
                0.8956480026245117,
                388.0,
                339.0,
                0.9013358354568481,
                245.0,
                363.0,
                0.8721964955329895,
                169.0,
                651.0,
                0.7603467106819153,
                105.0,
                889.0,
                0.8212876915931702,
                541.0,
                317.0,
                0.806635856628418,
                537.0,
                628.0,
                0.7373115420341492,
                380.0,
                850.0,
                0.7729336619377136,
                335.0,
                858.0,
                0.5293661057949066,
                239.0,
                857.0,
                0.5480935573577881,
                0,
                0,
                0,
                0,
                0,
                0,
                431.0,
                859.0,
                0.5106386542320251,
                0,
                0,
                0,
                0,
                0,
                0,
                308.0,
                71.0,
                0.9380346536636353,
                387.0,
                65.0,
                0.9489122629165649,
                270.0,
                110.0,
                0.6934327483177185,
                444.0,
                94.0,
                0.7699236273765564,
                0,
                0,
                0,
                0,
                0,
                0,
                0,
                0,
                0,
                0,
                0,
                0,
                0,
                0,
                0,
                0,
                0,
                0
            ],
            "face_keypoints_2d": [],
            "hand_left_keypoints_2d": [
                [
                    380.0,
                    850.0,
                    0.7729336619377136
                ],
                [
                    378,
                    909,
                    0.06050010509818912
                ],
                [
                    367,
                    931,
                    0.06583512619523603
                ],
                [
                    361,
                    932,
                    0.1663521883993385
                ],
                [
                    337,
                    966,
                    0.17854665660015878
                ],
                [
                    273,
                    983,
                    0.13330664359980088
                ],
                [
                    258,
                    989,
                    0.18752126998476207
                ],
                [
                    343,
                    923,
                    0.15565436388877904
                ],
                [
                    286,
                    958,
                    0.14564683163406994
                ],
                [
                    258,
                    973,
                    0.1923609213814102
                ],
                [
                    239,
                    984,
                    0.19813031804014758
                ],
                [
                    325,
                    912,
                    0.13228430118185497
                ],
                [
                    270,
                    937,
                    0.16261486729022015
                ],
                [
                    248,
                    956,
                    0.17627785738523574
                ],
                [
                    230,
                    970,
                    0.22559119760202578
                ],
                [
                    305,
                    899,
                    0.14977124839591618
                ],
                [
                    261,
                    928,
                    0.09986039634406155
                ],
                [
                    255,
                    934,
                    0.14602260106161766
                ]
            ],
            "hand_right_keypoints_2d": [
                [
                    105.0,
                    889.0,
                    0.8212876915931702
                ],
                [
                    89,
                    910,
                    0.1133890051773064
                ],
                [
                    73,
                    938,
                    0.15139415404407972
                ],
                [
                    68,
                    968,
                    0.28218055486386046
                ],
                [
                    66,
                    992,
                    0.23389819848021035
                ],
                [
                    73,
                    940,
                    0.16278234873443484
                ],
                [
                    63,
                    978,
                    0.21620218390979465
                ],
                [
                    66,
                    1002,
                    0.27548082429648724
                ],
                [
                    70,
                    1022,
                    0.2546638155840752
                ],
                [
                    85,
                    946,
                    0.1759737804370599
                ],
                [
                    80,
                    979,
                    0.2702665926646038
                ],
                [
                    85,
                    1002,
                    0.3452987803092761
                ],
                [
                    90,
                    1023,
                    0.2948631777845159
                ],
                [
                    98,
                    945,
                    0.16775200804895601
                ],
                [
                    97,
                    974,
                    0.2765399835703392
                ],
                [
                    100,
                    995,
                    0.33380971348271343
                ],
                [
                    104,
                    1012,
                    0.3753326720318205
                ],
                [
                    116,
                    943,
                    0.18974220756705928
                ],
                [
                    113,
                    966,
                    0.2896293220822423
                ],
                [
                    115,
                    981,
                    0.3487158583541394
                ],
                [
                    116,
                    996,
                    0.3656523619623465
                ]
            ]
        }
    ]
}