{
    "version": 1.3,
    "people": [
        {
            "person_id": [
                -1
            ],
            "pose_keypoints_2d": [
                385.0,
                183.0,
                0.9631075859069824,
                350.0,
                370.0,
                0.9000922441482544,
                237.0,
                369.0,
                0.8540109992027283,
                184.0,
                595.0,
                0.8403505086898804,
                158.0,
                810.0,
                0.8261043429374695,
                468.0,
                372.0,
                0.8242158889770508,
                694.0,
                331.0,
                0.8577331304550171,
                579.0,
                161.0,
                0.6895960569381714,
                421.5,
                796.0,
                0.6873900294303894,
                341.0,
                799.0,
                0.665073037147522,
                0,
                0,
                0,
                0,
                0,
                0,
                502.0,
                793.0,
                0.7097070217132568,
                0,
                0,
                0,
                0,
                0,
                0,
                364.0,
                151.0,
                0.9417915940284729,
                420.0,
                159.0,
                0.9661497473716736,
                309.0,
                164.0,
                0.7653915286064148,
                451.0,
                195.0,
                0.6397755742073059,
                0,
                0,
                0,
                0,
                0,
                0,
                0,
                0,
                0,
                0,
                0,
                0,
                0,
                0,
                0,
                0,
                0,
                0
            ],
            "face_keypoints_2d": [],
            "hand_left_keypoints_2d": [
                [
                    579.0,
                    161.0,
                    0.6895960569381714
                ],
                [
                    562,
                    162,
                    0.24359212569706068
                ],
                [
                    541,
                    161,
                    0.19620717082598513
                ],
                [
                    518,
                    154,
                    0.07906874559803348
                ],
                [
                    545,
                    127,
                    0.19619948615810096
                ],
                [
                    526,
                    111,
                    0.2891805201069755
                ],
                [
                    509,
                    107,
                    0.2731801661102572
                ],
                [
                    498,
                    105,
                    0.24759172496207105
                ],
                [
                    545,
                    123,
                    0.20926053823326168
                ],
                [
                    526,
                    104,
                    0.27131303607537965
                ],
                [
                    508,
                    99,
                    0.2594881264995757
                ],
                [
                    498,
                    94,
                    0.23198306602156454
                ],
                [
                    545,
                    123,
                    0.18056547393985567
                ],
                [
                    527,
                    104,
                    0.20053485326046339
                ],
                [
                    510,
                    96,
                    0.19178371871657207
                ],
                [
                    500,
                    92,
                    0.22849030078243565
                ],
                [
                    542,
                    123,
                    0.1181501585848298
                ],
                [
                    527,
                    111,
                    0.1131075091244104
                ],
                [
                    517,
                    107,
                    0.10026858016468579
                ],
                [
                    501,
                    92,
                    0.08328284387288895
                ]
            ],
            "hand_right_keypoints_2d": [
                [
                    158.0,
                    810.0,
                    0.8261043429374695
                ],
                [
                    178,
                    847,
                    0.48066337976068224
                ],
                [
                    186,
                    876,
                    0.5697568825862576
                ],
                [
                    191,
                    907,
                    0.574699954234219
                ],
                [
                    192,
                    929,
                    0.5425295270074405
                ],
                [
                    156,
                    899,
                    0.5079761902277189
                ],
                [
                    163,
                    932,
                    0.6165535539414391
                ],
                [
                    178,
                    943,
                    0.5560240045923508
                ],
                [
                    191,
                    950,
                    0.5120312022506448
                ],
                [
                    148,
                    895,
                    0.45000848020916884
                ],
                [
                    155,
                    933,
                    0.5813977554519001
                ],
                [
                    176,
                    940,
                    0.36557093388924233
                ],
                [
                    193,
                    939,
                    0.2943295595457396
                ],
                [
                    145,
                    891,
                    0.4728492745504561
                ],
                [
                    151,
                    926,
                    0.3327263188988255
                ],
                [
                    170,
                    931,
                    0.3012544799806957
                ],
                [
                    185,
                    929,
                    0.21453905117066846
                ],
                [
                    145,
                    886,
                    0.37331680544244583
                ],
                [
                    152,
                    913,
                    0.28449897856945805
                ],
                [
                    167,
                    918,
                    0.22262693170370446
                ],
                [
                    177,
                    919,
                    0.16782186267076973
                ]
            ]
        }
    ]
}