{
    "version": 1.3,
    "people": [
        {
            "person_id": [
                -1
            ],
            "pose_keypoints_2d": [
                373.0,
                104.0,
                0.9285613894462585,
                330.0,
                339.0,
                0.9184744954109192,
                166.0,
                343.0,
                0.8158682584762573,
                124.0,
                640.0,
                0.81681227684021,
                116.0,
                883.0,
                0.8132445812225342,
                483.0,
                336.0,
                0.8581626415252686,
                435.0,
                581.0,
                0.15721175074577332,
                0,
                0,
                0,
                353.0,
                852.0,
                0.5644489228725433,
                251.0,
                859.0,
                0.5479050874710083,
                0,
                0,
                0,
                0,
                0,
                0,
                455.0,
                845.0,
                0.5809927582740784,
                0,
                0,
                0,
                0,
                0,
                0,
                331.0,
                69.0,
                0.9859917163848877,
                408.0,
                69.0,
                0.9664695262908936,
                271.0,
                112.0,
                0.9199084043502808,
                437.0,
                102.0,
                0.5941033363342285,
                0,
                0,
                0,
                0,
                0,
                0,
                0,
                0,
                0,
                0,
                0,
                0,
                0,
                0,
                0,
                0,
                0,
                0
            ],
            "face_keypoints_2d": [],
            "hand_left_keypoints_2d": [],
            "hand_right_keypoints_2d": []
        }
    ]
}