{
    "version": 1.3,
    "people": [
        {
            "person_id": [
                -1
            ],
            "pose_keypoints_2d": [
                382.0,
                149.0,
                0.958230197429657,
                373.0,
                329.0,
                0.9183825254440308,
                244.0,
                331.0,
                0.891306459903717,
                237.0,
                562.0,
                0.8024202585220337,
                264.0,
                777.0,
                0.8364548087120056,
                501.0,
                330.0,
                0.895686149597168,
                551.0,
                547.0,
                0.8283553123474121,
                601.0,
                759.0,
                0.8414008617401123,
                420.0,
                750.0,
                0.7325747013092041,
                333.0,
                755.0,
                0.7190985083580017,
                291.0,
                1016.0,
                0.302190899848938,
                0,
                0,
                0,
                507.0,
                745.0,
                0.7460508942604065,
                510.0,
                1016.0,
                0.3782936930656433,
                0,
                0,
                0,
                356.0,
                120.0,
                0.9166672229766846,
                414.0,
                118.0,
                0.9581254720687866,
                320.0,
                139.0,
                0.7903905510902405,
                453.0,
                140.0,
                0.7646577954292297,
                0,
                0,
                0,
                0,
                0,
                0,
                0,
                0,
                0,
                0,
                0,
                0,
                0,
                0,
                0,
                0,
                0,
                0
            ],
            "face_keypoints_2d": [],
            "hand_left_keypoints_2d": [
                [
                    601.0,
                    759.0,
                    0.8414008617401123
                ],
                [
                    607,
                    800,
                    0.20359262290759372
                ],
                [
                    611,
                    819,
                    0.2343861844034792
                ],
                [
                    620,
                    841,
                    0.2760976126006859
                ],
                [
                    621,
                    861,
                    0.12151896320139015
                ],
                [
                    617,
                    836,
                    0.1428092934689001
                ],
                [
                    634,
                    858,
                    0.1348054446065423
                ],
                [
                    599,
                    861,
                    0.1735257897494007
                ],
                [
                    590,
                    865,
                    0.23998212659700896
                ],
                [
                    628,
                    833,
                    0.1939237239055358
                ],
                [
                    621,
                    861,
                    0.22346372168404388
                ],
                [
                    604,
                    869,
                    0.18396557129957652
                ],
                [
                    592,
                    874,
                    0.27284539616624137
                ],
                [
                    631,
                    829,
                    0.23924389241079008
                ],
                [
                    623,
                    862,
                    0.19313442259169855
                ],
                [
                    611,
                    873,
                    0.20397285088499897
                ],
                [
                    600,
                    878,
                    0.22359638704118784
                ],
                [
                    638,
                    822,
                    0.20651463035942177
                ],
                [
                    638,
                    858,
                    0.1608407350397089
                ],
                [
                    627,
                    872,
                    0.21209565796603763
                ],
                [
                    613,
                    881,
                    0.21468668871555344
                ]
            ],
            "hand_right_keypoints_2d": [
                [
                    264.0,
                    777.0,
                    0.8364548087120056
                ],
                [
                    292,
                    813,
                    0.3520402417617784
                ],
                [
                    306,
                    840,
                    0.43543620048261633
                ],
                [
                    311,
                    867,
                    0.43002486090644804
                ],
                [
                    317,
                    889,
                    0.3580449895406388
                ],
                [
                    277,
                    864,
                    0.43684126850124433
                ],
                [
                    291,
                    898,
                    0.4973561572763595
                ],
                [
                    307,
                    902,
                    0.4762215144503945
                ],
                [
                    322,
                    901,
                    0.42612876123098575
                ],
                [
                    268,
                    867,
                    0.39564398185825844
                ],
                [
                    282,
                    902,
                    0.442926305789608
                ],
                [
                    301,
                    902,
                    0.3306917798305035
                ],
                [
                    314,
                    895,
                    0.26085913372422587
                ],
                [
                    264,
                    866,
                    0.4096453843438928
                ],
                [
                    273,
                    898,
                    0.41299101526342585
                ],
                [
                    292,
                    898,
                    0.311623211311587
                ],
                [
                    305,
                    890,
                    0.2409669050595937
                ],
                [
                    263,
                    864,
                    0.3370466860087231
                ],
                [
                    273,
                    889,
                    0.2898579524627187
                ],
                [
                    284,
                    893,
                    0.27034946318341474
                ],
                [
                    296,
                    887,
                    0.22080500084798213
                ]
            ]
        }
    ]
}