{
    "version": 1.3,
    "people": [
        {
            "person_id": [
                -1
            ],
            "pose_keypoints_2d": [
                356.0,
                118.0,
                0.8760877251625061,
                374.0,
                308.0,
                0.9001102447509766,
                252.0,
                327.0,
                0.8704835772514343,
                181.0,
                548.0,
                0.829864501953125,
                0,
                0,
                0,
                488.0,
                293.0,
                0.8544870615005493,
                561.0,
                525.0,
                0.8677080273628235,
                477.0,
                666.0,
                0.6234991550445557,
                358.0,
                706.0,
                0.7032826840877533,
                281.0,
                701.0,
                0.7191687822341919,
                265.0,
                1016.0,
                0.4278864860534668,
                0,
                0,
                0,
                435.0,
                711.0,
                0.6873965859413147,
                483.0,
                1016.0,
                0.21261265873908997,
                0,
                0,
                0,
                333.0,
                99.0,
                0.87850421667099,
                384.0,
                105.0,
                0.8739399909973145,
                293.0,
                125.0,
                0.6746620535850525,
                420.0,
                136.0,
                0.663697361946106,
                0,
                0,
                0,
                0,
                0,
                0,
                0,
                0,
                0,
                0,
                0,
                0,
                0,
                0,
                0,
                0,
                0,
                0
            ],
            "face_keypoints_2d": [],
            "hand_left_keypoints_2d": [],
            "hand_right_keypoints_2d": []
        }
    ]
}