{
    "version": 1.3,
    "people": [
        {
            "person_id": [
                -1
            ],
            "pose_keypoints_2d": [
                331.0,
                246.0,
                0.9951213002204895,
                343.0,
                383.0,
                0.9534016847610474,
                240.0,
                385.0,
                0.9355084896087646,
                205.0,
                559.0,
                0.785476803779602,
                0,
                0,
                0,
                456.0,
                379.0,
                0.9016329050064087,
                482.0,
                580.0,
                0.8558558821678162,
                411.0,
                706.0,
                0.7295390367507935,
                308.5,
                716.0,
                0.7528807818889618,
                239.0,
                714.0,
                0.7492998838424683,
                258.0,
                1016.0,
                0.5907849669456482,
                0,
                0,
                0,
                378.0,
                718.0,
                0.7564616799354553,
                461.0,
                1016.0,
                0.5555496215820312,
                0,
                0,
                0,
                299.0,
                223.0,
                0.9459923505783081,
                353.0,
                217.0,
                0.9233497381210327,
                277.0,
                242.0,
                0.6845709085464478,
                393.0,
                234.0,
                0.8460383415222168,
                0,
                0,
                0,
                0,
                0,
                0,
                0,
                0,
                0,
                0,
                0,
                0,
                0,
                0,
                0,
                0,
                0,
                0
            ],
            "face_keypoints_2d": [],
            "hand_left_keypoints_2d": [],
            "hand_right_keypoints_2d": []
        }
    ]
}