{
    "version": 1.3,
    "people": [
        {
            "person_id": [
                -1
            ],
            "pose_keypoints_2d": [
                420.0,
                190.0,
                0.9340839982032776,
                376.0,
                447.0,
                0.8911470174789429,
                213.0,
                427.0,
                0.8137248754501343,
                75.0,
                727.0,
                0.8610556721687317,
                173.0,
                954.0,
                0.7908331751823425,
                538.0,
                465.0,
                0.8426370024681091,
                517.0,
                700.0,
                0.1339121311903,
                0,
                0,
                0,
                441.0,
                955.0,
                0.47583094239234924,
                332.0,
                965.0,
                0.42433375120162964,
                0,
                0,
                0,
                0,
                0,
                0,
                550.0,
                945.0,
                0.5273281335830688,
                0,
                0,
                0,
                0,
                0,
                0,
                375.0,
                151.0,
                0.9813069105148315,
                461.0,
                153.0,
                0.9592092633247375,
                306.0,
                190.0,
                0.7762185335159302,
                505.0,
                193.0,
                0.6194274425506592,
                0,
                0,
                0,
                0,
                0,
                0,
                0,
                0,
                0,
                0,
                0,
                0,
                0,
                0,
                0,
                0,
                0,
                0
            ],
            "face_keypoints_2d": [],
            "hand_left_keypoints_2d": [],
            "hand_right_keypoints_2d": []
        }
    ]
}