{
    "version": 1.3,
    "people": [
        {
            "person_id": [
                -1
            ],
            "pose_keypoints_2d": [
                400.0,
                237.0,
                0.9346161484718323,
                415.0,
                391.0,
                0.9328086972236633,
                294.0,
                397.0,
                0.9046749472618103,
                269.0,
                598.0,
                0.8724294304847717,
                240.0,
                812.0,
                0.8520125150680542,
                529.0,
                385.0,
                0.9074624180793762,
                550.0,
                597.0,
                0.9106529951095581,
                567.0,
                795.0,
                0.874518632888794,
                405.0,
                707.5,
                0.7029553651809692,
                333.0,
                706.0,
                0.7056975364685059,
                323.0,
                1016.0,
                0.4406667947769165,
                0,
                0,
                0,
                477.0,
                709.0,
                0.7002131938934326,
                463.0,
                1016.0,
                0.47561901807785034,
                0,
                0,
                0,
                374.0,
                210.0,
                0.9725639224052429,
                424.0,
                205.0,
                0.9534206390380859,
                342.0,
                236.0,
                0.7748977541923523,
                464.0,
                220.0,
                0.7902724742889404,
                0,
                0,
                0,
                0,
                0,
                0,
                0,
                0,
                0,
                0,
                0,
                0,
                0,
                0,
                0,
                0,
                0,
                0
            ],
            "face_keypoints_2d": [],
            "hand_left_keypoints_2d": [
                [
                    567.0,
                    795.0,
                    0.874518632888794
                ],
                [
                    553,
                    826,
                    0.21080992092846074
                ],
                [
                    546,
                    849,
                    0.30377631239552694
                ],
                [
                    544,
                    878,
                    0.3538365910821931
                ],
                [
                    541,
                    902,
                    0.2791942713492259
                ],
                [
                    574,
                    870,
                    0.3436065685353359
                ],
                [
                    571,
                    907,
                    0.28932714930453723
                ],
                [
                    551,
                    917,
                    0.2611414230017332
                ],
                [
                    533,
                    927,
                    0.36189889107239726
                ],
                [
                    578,
                    872,
                    0.3489310634058619
                ],
                [
                    572,
                    908,
                    0.3177893028794017
                ],
                [
                    549,
                    919,
                    0.3018081717086197
                ],
                [
                    533,
                    925,
                    0.2822290350260857
                ],
                [
                    578,
                    872,
                    0.3215574259269008
                ],
                [
                    569,
                    905,
                    0.32159313688990204
                ],
                [
                    551,
                    915,
                    0.3271044541671301
                ],
                [
                    535,
                    920,
                    0.2082225139925819
                ],
                [
                    575,
                    872,
                    0.20368422670487343
                ],
                [
                    567,
                    901,
                    0.1923948929456608
                ],
                [
                    555,
                    910,
                    0.13844773797678198
                ],
                [
                    542,
                    903,
                    0.16833939739260106
                ]
            ],
            "hand_right_keypoints_2d": [
                [
                    240.0,
                    812.0,
                    0.8520125150680542
                ],
                [
                    247,
                    838,
                    0.33694719776811755
                ],
                [
                    251,
                    867,
                    0.4075224935860788
                ],
                [
                    253,
                    896,
                    0.39162601390282537
                ],
                [
                    253,
                    922,
                    0.36597287367402875
                ],
                [
                    221,
                    887,
                    0.3941560636045064
                ],
                [
                    229,
                    920,
                    0.4002250928783009
                ],
                [
                    245,
                    933,
                    0.39967385532209715
                ],
                [
                    264,
                    941,
                    0.33107690209752827
                ],
                [
                    216,
                    888,
                    0.3869118432160065
                ],
                [
                    225,
                    924,
                    0.37526667155818405
                ],
                [
                    247,
                    936,
                    0.32709200385944304
                ],
                [
                    265,
                    943,
                    0.31361873850586
                ],
                [
                    217,
                    888,
                    0.32735484559514594
                ],
                [
                    226,
                    920,
                    0.263495776039797
                ],
                [
                    246,
                    931,
                    0.289449997976315
                ],
                [
                    263,
                    936,
                    0.22796583095686793
                ],
                [
                    221,
                    886,
                    0.2668175240713378
                ],
                [
                    231,
                    913,
                    0.257005492068826
                ],
                [
                    242,
                    917,
                    0.21168303431281807
                ],
                [
                    254,
                    924,
                    0.2334424788769903
                ]
            ]
        }
    ]
}