{
    "version": 1.3,
    "people": [
        {
            "person_id": [
                -1
            ],
            "pose_keypoints_2d": [
                346.0,
                210.0,
                0.9388338923454285,
                339.0,
                383.0,
                0.9162191152572632,
                240.0,
                409.0,
                0.8653822541236877,
                213.0,
                601.0,
                0.2987672686576843,
                0,
                0,
                0,
                446.0,
                362.0,
                0.8583132028579712,
                479.0,
                595.0,
                0.8234751224517822,
                468.0,
                838.0,
                0.799572765827179,
                308.5,
                775.5,
                0.6598401069641113,
                237.0,
                776.0,
                0.6663028597831726,
                240.0,
                1016.0,
                0.1620006412267685,
                0,
                0,
                0,
                380.0,
                775.0,
                0.65337735414505,
                404.0,
                1016.0,
                0.37907400727272034,
                0,
                0,
                0,
                325.0,
                191.0,
                0.9770182967185974,
                375.0,
                196.0,
                0.9571380019187927,
                283.0,
                211.0,
                0.847010612487793,
                402.0,
                228.0,
                0.673323392868042,
                0,
                0,
                0,
                0,
                0,
                0,
                0,
                0,
                0,
                0,
                0,
                0,
                0,
                0,
                0,
                0,
                0,
                0
            ],
            "face_keypoints_2d": [],
            "hand_left_keypoints_2d": [
                [
                    468.0,
                    838.0,
                    0.799572765827179
                ],
                [
                    470,
                    878,
                    0.19028276291089144
                ],
                [
                    476,
                    903,
                    0.07559732806482411
                ],
                [
                    481,
                    932,
                    0.2974970179455136
                ],
                [
                    485,
                    965,
                    0.38764514639225794
                ],
                [
                    482,
                    983,
                    0.38079666620474295
                ],
                [
                    477,
                    994,
                    0.376536859299746
                ],
                [
                    467,
                    937,
                    0.3116559945647246
                ],
                [
                    468,
                    979,
                    0.4146788397376423
                ],
                [
                    466,
                    1000,
                    0.3871264366979078
                ],
                [
                    464,
                    1016,
                    0.373490638790323
                ],
                [
                    451,
                    938,
                    0.26120480489721365
                ],
                [
                    449,
                    986,
                    0.39290105242189
                ],
                [
                    445,
                    1003,
                    0.3642238718076437
                ],
                [
                    442,
                    1017,
                    0.35177217646421804
                ],
                [
                    432,
                    939,
                    0.297637644024458
                ],
                [
                    428,
                    983,
                    0.369615635515985
                ],
                [
                    424,
                    995,
                    0.3439558635113784
                ],
                [
                    422,
                    1004,
                    0.3722414220329904
                ]
            ],
            "hand_right_keypoints_2d": []
        }
    ]
}