{
    "version": 1.3,
    "people": [
        {
            "person_id": [
                -1
            ],
            "pose_keypoints_2d": [
                455.0,
                208.0,
                0.9569562077522278,
                382.0,
                372.0,
                0.9292514324188232,
                267.0,
                368.0,
                0.8749910593032837,
                235.0,
                584.0,
                0.8879041075706482,
                223.0,
                795.0,
                0.8358296751976013,
                500.0,
                374.0,
                0.9080526828765869,
                534.0,
                571.0,
                0.8319652080535889,
                582.0,
                780.0,
                0.7996541857719421,
                416.5,
                688.5,
                0.6910723745822906,
                335.0,
                690.0,
                0.7164087891578674,
                300.0,
                1016.0,
                0.558127224445343,
                0,
                0,
                0,
                498.0,
                687.0,
                0.6657359600067139,
                491.0,
                1016.0,
                0.5109850764274597,
                0,
                0,
                0,
                424.0,
                185.0,
                0.9464151263237,
                467.0,
                189.0,
                0.9001798629760742,
                351.0,
                194.0,
                0.8996092677116394,
                0,
                0,
                0,
                0,
                0,
                0,
                0,
                0,
                0,
                0,
                0,
                0,
                0,
                0,
                0,
                0,
                0,
                0,
                0,
                0,
                0
            ],
            "face_keypoints_2d": [],
            "hand_left_keypoints_2d": [
                [
                    582.0,
                    780.0,
                    0.7996541857719421
                ],
                [
                    588,
                    821,
                    0.28999707445170075
                ],
                [
                    589,
                    839,
                    0.35325767614882875
                ],
                [
                    590,
                    866,
                    0.3080779622484281
                ],
                [
                    588,
                    890,
                    0.17069983610979128
                ],
                [
                    591,
                    861,
                    0.164023818919534
                ],
                [
                    580,
                    877,
                    0.2293467849769945
                ],
                [
                    572,
                    890,
                    0.3469841464381277
                ],
                [
                    563,
                    903,
                    0.37202319538316786
                ],
                [
                    603,
                    863,
                    0.20837600095586375
                ],
                [
                    592,
                    893,
                    0.33564475363172164
                ],
                [
                    578,
                    909,
                    0.32367016338908605
                ],
                [
                    566,
                    925,
                    0.3612613450431675
                ],
                [
                    608,
                    862,
                    0.2265415605537336
                ],
                [
                    599,
                    896,
                    0.19274144039201907
                ],
                [
                    586,
                    915,
                    0.348342253878294
                ],
                [
                    574,
                    932,
                    0.3863371200235259
                ],
                [
                    615,
                    860,
                    0.18738997447989
                ],
                [
                    613,
                    893,
                    0.2948722050019641
                ],
                [
                    600,
                    911,
                    0.3167343369262946
                ],
                [
                    589,
                    924,
                    0.3360615503117461
                ]
            ],
            "hand_right_keypoints_2d": [
                [
                    223.0,
                    795.0,
                    0.8358296751976013
                ],
                [
                    243,
                    820,
                    0.30584022960146806
                ],
                [
                    252,
                    848,
                    0.41040929337568277
                ],
                [
                    256,
                    877,
                    0.4059544969058569
                ],
                [
                    261,
                    904,
                    0.3945026151687856
                ],
                [
                    219,
                    870,
                    0.3871697400824644
                ],
                [
                    226,
                    908,
                    0.44171469520607165
                ],
                [
                    239,
                    925,
                    0.3878152557270201
                ],
                [
                    253,
                    936,
                    0.4166575274841779
                ],
                [
                    208,
                    872,
                    0.3607148713328595
                ],
                [
                    213,
                    914,
                    0.3977323612758988
                ],
                [
                    232,
                    933,
                    0.4093097835153999
                ],
                [
                    248,
                    947,
                    0.45611168314996137
                ],
                [
                    204,
                    871,
                    0.3824313148720454
                ],
                [
                    206,
                    908,
                    0.34236398790933825
                ],
                [
                    225,
                    926,
                    0.28889539646257584
                ],
                [
                    243,
                    940,
                    0.19137916021611973
                ],
                [
                    204,
                    868,
                    0.3722366498264621
                ],
                [
                    205,
                    895,
                    0.2892838387608071
                ],
                [
                    218,
                    914,
                    0.20587011335743266
                ],
                [
                    225,
                    923,
                    0.15267461142985123
                ]
            ]
        }
    ]
}