{
    "version": 1.3,
    "people": [
        {
            "person_id": [
                -1
            ],
            "pose_keypoints_2d": [
                378.0,
                148.0,
                0.9788134694099426,
                415.0,
                365.0,
                0.878663957118988,
                236.0,
                394.0,
                0.8224711418151855,
                191.0,
                688.0,
                0.743106484413147,
                0,
                0,
                0,
                597.0,
                329.0,
                0.8137686252593994,
                738.0,
                623.0,
                0.7466524839401245,
                542.0,
                810.0,
                0.7925422191619873,
                369.5,
                872.0,
                0.5680209994316101,
                258.0,
                865.0,
                0.5822649002075195,
                0,
                0,
                0,
                0,
                0,
                0,
                481.0,
                879.0,
                0.5537770986557007,
                0,
                0,
                0,
                0,
                0,
                0,
                342.0,
                103.0,
                0.953344464302063,
                423.0,
                110.0,
                0.9806135892868042,
                294.0,
                116.0,
                0.8155972361564636,
                475.0,
                132.0,
                0.8169292211532593,
                0,
                0,
                0,
                0,
                0,
                0,
                0,
                0,
                0,
                0,
                0,
                0,
                0,
                0,
                0,
                0,
                0,
                0
            ],
            "face_keypoints_2d": [],
            "hand_left_keypoints_2d": [
                [
                    542.0,
                    810.0,
                    0.7925422191619873
                ],
                [
                    521,
                    849,
                    0.2449804621293568
                ],
                [
                    489,
                    885,
                    0.15912262296019464
                ],
                [
                    462,
                    895,
                    0.12292324305571664
                ],
                [
                    445,
                    900,
                    0.07558141372511201
                ],
                [
                    480,
                    888,
                    0.3161049672434376
                ],
                [
                    443,
                    898,
                    0.39469762705962697
                ],
                [
                    423,
                    901,
                    0.3788503271235724
                ],
                [
                    406,
                    902,
                    0.37327926122004296
                ],
                [
                    468,
                    875,
                    0.3212922789684705
                ],
                [
                    422,
                    886,
                    0.35989231586703463
                ],
                [
                    395,
                    891,
                    0.44269318929708434
                ],
                [
                    373,
                    895,
                    0.36179262360578096
                ],
                [
                    454,
                    856,
                    0.35848844339468877
                ],
                [
                    407,
                    869,
                    0.33050750830642156
                ],
                [
                    380,
                    872,
                    0.4061326727938013
                ],
                [
                    357,
                    881,
                    0.3267523660305359
                ],
                [
                    443,
                    837,
                    0.40725429911949906
                ],
                [
                    394,
                    847,
                    0.428204408955479
                ],
                [
                    373,
                    852,
                    0.3846570068315607
                ],
                [
                    354,
                    860,
                    0.3850532672180512
                ]
            ],
            "hand_right_keypoints_2d": []
        }
    ]
}