{
    "version": 1.3,
    "people": [
        {
            "person_id": [
                -1
            ],
            "pose_keypoints_2d": [
                326.0,
                109.0,
                0.9110136032104492,
                354.0,
                295.0,
                0.9021267890930176,
                247.0,
                321.0,
                0.903587818145752,
                244.0,
                546.0,
                0.7063689231872559,
                0,
                0,
                0,
                464.0,
                273.0,
                0.8699007034301758,
                517.0,
                542.0,
                0.8867522478103638,
                475.0,
                807.0,
                0.8729570508003235,
                320.0,
                710.0,
                0.6818625926971436,
                246.0,
                708.0,
                0.6816861629486084,
                268.0,
                1016.0,
                0.27090632915496826,
                0,
                0,
                0,
                394.0,
                712.0,
                0.6820390224456787,
                391.0,
                1016.0,
                0.13511838018894196,
                0,
                0,
                0,
                297.0,
                90.0,
                0.9191445112228394,
                358.0,
                84.0,
                0.899787187576294,
                273.0,
                129.0,
                0.7029913663864136,
                406.0,
                117.0,
                0.8778840899467468,
                0,
                0,
                0,
                0,
                0,
                0,
                0,
                0,
                0,
                0,
                0,
                0,
                0,
                0,
                0,
                0,
                0,
                0
            ],
            "face_keypoints_2d": [],
            "hand_left_keypoints_2d": [
                [
                    475.0,
                    807.0,
                    0.8729570508003235
                ],
                [
                    436,
                    855,
                    0.13328120094608573
                ],
                [
                    413,
                    885,
                    0.1321321621480725
                ],
                [
                    403,
                    918,
                    0.158412763010764
                ],
                [
                    392,
                    943,
                    0.16534447498513638
                ],
                [
                    467,
                    948,
                    0.06684493691268803
                ],
                [
                    428,
                    976,
                    0.10635245440456927
                ],
                [
                    416,
                    990,
                    0.08126387547529651
                ],
                [
                    454,
                    911,
                    0.14200045528257585
                ],
                [
                    446,
                    959,
                    0.19012002680827522
                ],
                [
                    428,
                    977,
                    0.1333830026943842
                ],
                [
                    416,
                    992,
                    0.1234912173939886
                ],
                [
                    468,
                    950,
                    0.135199290681201
                ],
                [
                    402,
                    985,
                    0.07724132274273521
                ],
                [
                    481,
                    903,
                    0.06001858409601473
                ],
                [
                    480,
                    940,
                    0.09209241449206035
                ]
            ],
            "hand_right_keypoints_2d": []
        }
    ]
}