{
    "version": 1.3,
    "people": [
        {
            "person_id": [
                -1
            ],
            "pose_keypoints_2d": [
                395.0,
                210.0,
                0.9263697266578674,
                435.0,
                360.0,
                0.8577491044998169,
                341.0,
                384.0,
                0.8794702887535095,
                278.0,
                579.0,
                0.8522348999977112,
                186.0,
                781.0,
                0.8271635174751282,
                529.0,
                332.0,
                0.8626859784126282,
                454.0,
                546.0,
                0.8589047193527222,
                305.0,
                554.0,
                0.7899025678634644,
                386.5,
                693.5,
                0.6896934807300568,
                322.0,
                692.0,
                0.7137942314147949,
                307.0,
                1016.0,
                0.507289469242096,
                0,
                0,
                0,
                451.0,
                695.0,
                0.6655927300453186,
                484.0,
                1016.0,
                0.4763484001159668,
                0,
                0,
                0,
                374.0,
                197.0,
                0.9794391393661499,
                420.0,
                188.0,
                0.9747505784034729,
                359.0,
                216.0,
                0.204726442694664,
                471.0,
                196.0,
                0.923893928527832,
                0,
                0,
                0,
                0,
                0,
                0,
                0,
                0,
                0,
                0,
                0,
                0,
                0,
                0,
                0,
                0,
                0,
                0
            ],
            "face_keypoints_2d": [],
            "hand_left_keypoints_2d": [
                [
                    305.0,
                    554.0,
                    0.7899025678634644
                ],
                [
                    274,
                    545,
                    0.06103193397172165
                ],
                [
                    272,
                    540,
                    0.10701196197468993
                ],
                [
                    281,
                    517,
                    0.11691760562714107
                ],
                [
                    264,
                    565,
                    0.07170186235129808
                ],
                [
                    255,
                    576,
                    0.09072563749068452
                ],
                [
                    265,
                    547,
                    0.051265990878662
                ],
                [
                    270,
                    534,
                    0.08805871548309092
                ],
                [
                    278,
                    521,
                    0.1045946509722378
                ],
                [
                    276,
                    512,
                    0.11612062065784023
                ]
            ],
            "hand_right_keypoints_2d": [
                [
                    186.0,
                    781.0,
                    0.8271635174751282
                ],
                [
                    154,
                    824,
                    0.4359143598202495
                ],
                [
                    131,
                    844,
                    0.4425042756499533
                ],
                [
                    120,
                    868,
                    0.46711913277224393
                ],
                [
                    114,
                    889,
                    0.5113404934167143
                ],
                [
                    139,
                    861,
                    0.35508085110194265
                ],
                [
                    129,
                    887,
                    0.4263893360791833
                ],
                [
                    126,
                    900,
                    0.4236910050359415
                ],
                [
                    124,
                    911,
                    0.4522989245164851
                ],
                [
                    155,
                    864,
                    0.38309066146606763
                ],
                [
                    147,
                    895,
                    0.40451850338484474
                ],
                [
                    142,
                    907,
                    0.3903675276651134
                ],
                [
                    138,
                    915,
                    0.36712442225141106
                ],
                [
                    169,
                    866,
                    0.3799392025259101
                ],
                [
                    161,
                    895,
                    0.33396119369952915
                ],
                [
                    154,
                    905,
                    0.3940846859507501
                ],
                [
                    147,
                    909,
                    0.20650485400553587
                ],
                [
                    183,
                    867,
                    0.4481655924386313
                ],
                [
                    177,
                    889,
                    0.46112727243635154
                ],
                [
                    169,
                    896,
                    0.4707945488034593
                ],
                [
                    160,
                    899,
                    0.4625934468682492
                ]
            ]
        }
    ]
}