{
    "version": 1.3,
    "people": [
        {
            "person_id": [
                -1
            ],
            "pose_keypoints_2d": [
                351.0,
                187.0,
                0.9197933673858643,
                379.0,
                370.0,
                0.9385581016540527,
                246.0,
                377.0,
                0.930605947971344,
                222.0,
                606.0,
                0.7419534921646118,
                0,
                0,
                0,
                513.0,
                357.0,
                0.880914568901062,
                522.0,
                607.0,
                0.8549426794052124,
                492.0,
                827.0,
                0.7768281698226929,
                320.0,
                774.5,
                0.684765100479126,
                239.0,
                766.0,
                0.7138941287994385,
                225.0,
                1016.0,
                0.21394041180610657,
                0,
                0,
                0,
                401.0,
                783.0,
                0.6556360721588135,
                385.0,
                1016.0,
                0.12416015565395355,
                0,
                0,
                0,
                321.0,
                161.0,
                0.9317388534545898,
                378.0,
                151.0,
                0.9771625995635986,
                285.0,
                184.0,
                0.8661531805992126,
                423.0,
                157.0,
                0.9274957776069641,
                0,
                0,
                0,
                0,
                0,
                0,
                0,
                0,
                0,
                0,
                0,
                0,
                0,
                0,
                0,
                0,
                0,
                0
            ],
            "face_keypoints_2d": [],
            "hand_left_keypoints_2d": [
                [
                    492.0,
                    827.0,
                    0.7768281698226929
                ],
                [
                    472,
                    900,
                    0.13509426311878137
                ],
                [
                    473,
                    940,
                    0.27462814904642824
                ],
                [
                    465,
                    968,
                    0.2331351702460887
                ],
                [
                    453,
                    988,
                    0.10238867347411963
                ],
                [
                    458,
                    947,
                    0.2193604436122229
                ],
                [
                    440,
                    994,
                    0.16708691103096657
                ],
                [
                    421,
                    1002,
                    0.14649213092962562
                ],
                [
                    408,
                    1002,
                    0.10263921767570292
                ],
                [
                    441,
                    937,
                    0.20885610629849366
                ],
                [
                    439,
                    994,
                    0.20872064341300767
                ],
                [
                    418,
                    1002,
                    0.19199966927600146
                ],
                [
                    406,
                    1000,
                    0.12099320129217822
                ],
                [
                    431,
                    923,
                    0.14970570789195523
                ],
                [
                    427,
                    984,
                    0.15547298204367951
                ],
                [
                    413,
                    991,
                    0.09916232520605622
                ],
                [
                    402,
                    989,
                    0.1128482803850974
                ],
                [
                    422,
                    912,
                    0.20449320134225885
                ],
                [
                    412,
                    937,
                    0.13679411372188277
                ],
                [
                    409,
                    952,
                    0.10361786935038952
                ],
                [
                    404,
                    971,
                    0.11226482447204217
                ]
            ],
            "hand_right_keypoints_2d": []
        }
    ]
}