{
    "version": 1.3,
    "people": [
        {
            "person_id": [
                -1
            ],
            "pose_keypoints_2d": [
                388.0,
                166.0,
                0.9558913707733154,
                390.0,
                320.0,
                0.9370343685150146,
                249.0,
                323.0,
                0.8809340596199036,
                214.0,
                565.0,
                0.8469760417938232,
                203.0,
                807.0,
                0.8340415358543396,
                533.0,
                316.0,
                0.8576006889343262,
                691.0,
                498.0,
                0.8974704742431641,
                543.0,
                575.0,
                0.764578104019165,
                400.5,
                751.5,
                0.6553835868835449,
                307.0,
                753.0,
                0.6487649083137512,
                292.0,
                1016.0,
                0.1686474233865738,
                0,
                0,
                0,
                494.0,
                750.0,
                0.6620022654533386,
                0,
                0,
                0,
                0,
                0,
                0,
                361.0,
                142.0,
                0.9172681570053101,
                423.0,
                141.0,
                0.9750810265541077,
                323.0,
                157.0,
                0.8913543224334717,
                468.0,
                157.0,
                0.9002297520637512,
                0,
                0,
                0,
                0,
                0,
                0,
                0,
                0,
                0,
                0,
                0,
                0,
                0,
                0,
                0,
                0,
                0,
                0
            ],
            "face_keypoints_2d": [],
            "hand_left_keypoints_2d": [
                [
                    543.0,
                    575.0,
                    0.764578104019165
                ],
                [
                    530,
                    600,
                    0.09500520963548972
                ],
                [
                    522,
                    630,
                    0.22316106846119346
                ],
                [
                    526,
                    654,
                    0.3877712510871256
                ],
                [
                    519,
                    676,
                    0.2740561686334626
                ],
                [
                    523,
                    674,
                    0.05237645871342231
                ]
            ],
            "hand_right_keypoints_2d": [
                [
                    203.0,
                    807.0,
                    0.8340415358543396
                ],
                [
                    215,
                    856,
                    0.298824635187455
                ],
                [
                    221,
                    888,
                    0.4131758470501813
                ],
                [
                    220,
                    920,
                    0.4042818125221774
                ],
                [
                    218,
                    945,
                    0.33828141566080516
                ],
                [
                    190,
                    911,
                    0.39068307501754973
                ],
                [
                    190,
                    947,
                    0.3956830654330859
                ],
                [
                    209,
                    957,
                    0.45605400983515926
                ],
                [
                    227,
                    955,
                    0.3296582139152143
                ],
                [
                    181,
                    908,
                    0.34518485674427635
                ],
                [
                    186,
                    945,
                    0.3602013361067471
                ],
                [
                    208,
                    949,
                    0.14680910225365665
                ],
                [
                    221,
                    943,
                    0.1640857435464968
                ],
                [
                    179,
                    905,
                    0.38684178864056074
                ],
                [
                    186,
                    935,
                    0.20560846547040254
                ],
                [
                    204,
                    939,
                    0.18471989947657036
                ],
                [
                    216,
                    935,
                    0.12425523666989696
                ],
                [
                    180,
                    901,
                    0.31898213580183343
                ],
                [
                    189,
                    923,
                    0.2558251500887213
                ],
                [
                    200,
                    923,
                    0.19420790668549667
                ],
                [
                    208,
                    922,
                    0.12024323012981769
                ]
            ]
        }
    ]
}