{
    "version": 1.3,
    "people": [
        {
            "person_id": [
                -1
            ],
            "pose_keypoints_2d": [
                372.0,
                169.0,
                0.9560564160346985,
                403.0,
                336.0,
                0.8729128241539001,
                286.0,
                360.0,
                0.9074039459228516,
                268.0,
                586.0,
                0.5627884268760681,
                0,
                0,
                0,
                519.0,
                312.0,
                0.8643974661827087,
                574.0,
                564.0,
                0.7709528207778931,
                587.0,
                802.0,
                0.805076003074646,
                386.0,
                770.0,
                0.6504266262054443,
                296.0,
                773.0,
                0.6429988145828247,
                319.0,
                1016.0,
                0.11840073764324188,
                0,
                0,
                0,
                476.0,
                767.0,
                0.657854437828064,
                0,
                0,
                0,
                0,
                0,
                0,
                336.0,
                150.0,
                0.9817067980766296,
                395.0,
                141.0,
                0.9114287495613098,
                303.0,
                167.0,
                0.8008962869644165,
                436.0,
                150.0,
                0.8312195539474487,
                0,
                0,
                0,
                0,
                0,
                0,
                0,
                0,
                0,
                0,
                0,
                0,
                0,
                0,
                0,
                0,
                0,
                0
            ],
            "face_keypoints_2d": [],
            "hand_left_keypoints_2d": [
                [
                    587.0,
                    802.0,
                    0.805076003074646
                ],
                [
                    567,
                    839,
                    0.05083247354562345
                ],
                [
                    608,
                    840,
                    0.07175768230195012
                ],
                [
                    553,
                    887,
                    0.1914121959214732
                ],
                [
                    549,
                    912,
                    0.21836182317269048
                ],
                [
                    609,
                    866,
                    0.16204187319197402
                ],
                [
                    597,
                    911,
                    0.20347529032227055
                ],
                [
                    569,
                    931,
                    0.20637162099257444
                ],
                [
                    551,
                    941,
                    0.17813560485823673
                ],
                [
                    602,
                    872,
                    0.1739499490290015
                ],
                [
                    581,
                    916,
                    0.2544485709606767
                ],
                [
                    566,
                    932,
                    0.3144769041643781
                ],
                [
                    550,
                    941,
                    0.2565878119337034
                ],
                [
                    593,
                    873,
                    0.08296491864771788
                ],
                [
                    579,
                    914,
                    0.18397445666434004
                ],
                [
                    567,
                    929,
                    0.14981138251715065
                ],
                [
                    551,
                    939,
                    0.11413354173596044
                ],
                [
                    561,
                    855,
                    0.06319895741345526
                ],
                [
                    599,
                    909,
                    0.06288311766786003
                ],
                [
                    553,
                    887,
                    0.052990338215531875
                ],
                [
                    548,
                    911,
                    0.20791998151821856
                ]
            ],
            "hand_right_keypoints_2d": []
        }
    ]
}