{
    "version": 1.3,
    "people": [
        {
            "person_id": [
                -1
            ],
            "pose_keypoints_2d": [
                422.0,
                152.0,
                0.9819005131721497,
                361.0,
                351.0,
                0.8795095682144165,
                197.0,
                354.0,
                0.8367336988449097,
                68.0,
                485.0,
                0.8531656861305237,
                211.0,
                582.0,
                0.6366804838180542,
                522.0,
                352.0,
                0.8233099579811096,
                728.0,
                505.0,
                0.858025848865509,
                529.0,
                608.0,
                0.7851070165634155,
                351.5,
                856.0,
                0.6372891962528229,
                244.0,
                851.0,
                0.6595494151115417,
                0,
                0,
                0,
                0,
                0,
                0,
                459.0,
                861.0,
                0.615028977394104,
                0,
                0,
                0,
                0,
                0,
                0,
                379.0,
                124.0,
                0.950696587562561,
                425.0,
                120.0,
                0.8602873682975769,
                281.0,
                164.0,
                0.9056716561317444,
                0,
                0,
                0,
                0,
                0,
                0,
                0,
                0,
                0,
                0,
                0,
                0,
                0,
                0,
                0,
                0,
                0,
                0,
                0,
                0,
                0
            ],
            "face_keypoints_2d": [],
            "hand_left_keypoints_2d": [
                [
                    529.0,
                    608.0,
                    0.7851070165634155
                ],
                [
                    463,
                    764,
                    0.06953023375303627
                ],
                [
                    463,
                    763,
                    0.07042261148858518
                ]
            ],
            "hand_right_keypoints_2d": [
                [
                    211.0,
                    582.0,
                    0.6366804838180542
                ],
                [
                    263,
                    617,
                    0.08082142470026195
                ],
                [
                    276,
                    619,
                    0.06505847366776382
                ],
                [
                    285,
                    622,
                    0.0623420356508203
                ],
                [
                    245,
                    627,
                    0.050693476628152906
                ],
                [
                    267,
                    630,
                    0.05721632964985442
                ],
                [
                    281,
                    628,
                    0.055479150817104125
                ],
                [
                    265,
                    567,
                    0.061812476797203156
                ]
            ]
        }
    ]
}