{
    "version": 1.3,
    "people": [
        {
            "person_id": [
                -1
            ],
            "pose_keypoints_2d": [
                379.0,
                149.0,
                1.0097458362579346,
                395.0,
                333.0,
                0.9286298155784607,
                255.0,
                351.0,
                0.8979942202568054,
                252.0,
                587.0,
                0.7487992644309998,
                0,
                0,
                0,
                539.0,
                317.0,
                0.8565813302993774,
                592.0,
                586.0,
                0.8703755140304565,
                614.0,
                827.0,
                0.8217518925666809,
                408.5,
                707.5,
                0.6519410014152527,
                325.0,
                714.0,
                0.6531224846839905,
                340.0,
                1016.0,
                0.3629588782787323,
                0,
                0,
                0,
                492.0,
                701.0,
                0.6507595181465149,
                532.0,
                1016.0,
                0.309500515460968,
                0,
                0,
                0,
                347.0,
                114.0,
                0.96305251121521,
                417.0,
                118.0,
                0.9667354226112366,
                300.0,
                133.0,
                0.8872342109680176,
                461.0,
                149.0,
                0.8388150334358215,
                0,
                0,
                0,
                0,
                0,
                0,
                0,
                0,
                0,
                0,
                0,
                0,
                0,
                0,
                0,
                0,
                0,
                0
            ],
            "face_keypoints_2d": [],
            "hand_left_keypoints_2d": [
                [
                    614.0,
                    827.0,
                    0.8217518925666809
                ],
                [
                    597,
                    878,
                    0.13656337383251113
                ],
                [
                    590,
                    916,
                    0.18822860868573885
                ],
                [
                    596,
                    947,
                    0.22651286863810902
                ],
                [
                    598,
                    971,
                    0.2260868182992245
                ],
                [
                    630,
                    929,
                    0.22171262264403468
                ],
                [
                    624,
                    974,
                    0.20415110351946242
                ],
                [
                    607,
                    989,
                    0.2297061924005082
                ],
                [
                    633,
                    933,
                    0.24961294724754435
                ],
                [
                    626,
                    975,
                    0.18441016336731453
                ],
                [
                    605,
                    987,
                    0.06362386323027677
                ],
                [
                    632,
                    938,
                    0.20264320386414747
                ],
                [
                    624,
                    975,
                    0.17091006242867882
                ],
                [
                    607,
                    987,
                    0.08918218733230997
                ],
                [
                    601,
                    982,
                    0.06022765221479785
                ],
                [
                    628,
                    942,
                    0.15378419326817658
                ],
                [
                    621,
                    976,
                    0.12667158155123054
                ],
                [
                    606,
                    988,
                    0.15340737023133455
                ],
                [
                    599,
                    988,
                    0.07568201415830467
                ]
            ],
            "hand_right_keypoints_2d": []
        }
    ]
}