{
    "version": 1.3,
    "people": [
        {
            "person_id": [
                -1
            ],
            "pose_keypoints_2d": [
                286.0,
                161.0,
                0.958259105682373,
                305.0,
                320.0,
                0.9210852384567261,
                205.0,
                298.0,
                0.9153141975402832,
                130.0,
                518.0,
                0.7951156497001648,
                78.0,
                713.0,
                0.7695004343986511,
                405.0,
                331.0,
                0.8648428320884705,
                502.0,
                472.0,
                0.8950628042221069,
                646.0,
                463.0,
                0.7325264811515808,
                349.0,
                627.0,
                0.7280076444149017,
                284.0,
                630.0,
                0.7300931215286255,
                235.0,
                962.0,
                0.5858889818191528,
                0,
                0,
                0,
                414.0,
                624.0,
                0.725922167301178,
                447.0,
                1016.0,
                0.5082782506942749,
                0,
                0,
                0,
                276.0,
                144.0,
                0.8846616744995117,
                316.0,
                148.0,
                0.9400332570075989,
                0,
                0,
                0,
                370.0,
                177.0,
                0.9018701910972595,
                0,
                0,
                0,
                0,
                0,
                0,
                0,
                0,
                0,
                0,
                0,
                0,
                0,
                0,
                0,
                0,
                0,
                0
            ],
            "face_keypoints_2d": [],
            "hand_left_keypoints_2d": [
                [
                    646.0,
                    463.0,
                    0.7325264811515808
                ],
                [
                    699,
                    462,
                    0.10392060545304982
                ],
                [
                    705,
                    464,
                    0.15891101725810275
                ],
                [
                    704,
                    460,
                    0.06254199597742574
                ],
                [
                    688,
                    447,
                    0.08100863084941716
                ],
                [
                    714,
                    452,
                    0.10300095223156308
                ],
                [
                    714,
                    456,
                    0.1394624406232847
                ],
                [
                    708,
                    456,
                    0.12804549512620542
                ],
                [
                    687,
                    436,
                    0.08114281847186389
                ],
                [
                    718,
                    437,
                    0.12928628564397665
                ],
                [
                    721,
                    445,
                    0.20518373002805493
                ],
                [
                    713,
                    449,
                    0.18431132430591388
                ],
                [
                    683,
                    426,
                    0.09715473129485315
                ],
                [
                    717,
                    424,
                    0.14512526032268536
                ],
                [
                    726,
                    431,
                    0.19037405103925975
                ],
                [
                    730,
                    440,
                    0.17315736283285404
                ]
            ],
            "hand_right_keypoints_2d": [
                [
                    78.0,
                    713.0,
                    0.7695004343986511
                ],
                [
                    74,
                    780,
                    0.1705538650869893
                ],
                [
                    95,
                    782,
                    0.07557385380176664
                ],
                [
                    57,
                    775,
                    0.05046797965074992
                ],
                [
                    86,
                    781,
                    0.09059086708947668
                ],
                [
                    98,
                    781,
                    0.1309845040449644
                ],
                [
                    73,
                    779,
                    0.07024839372787955
                ],
                [
                    88,
                    779,
                    0.12882980458376092
                ],
                [
                    100,
                    779,
                    0.13929679417847243
                ],
                [
                    77,
                    776,
                    0.07679507551419984
                ],
                [
                    88,
                    775,
                    0.11351665609126446
                ],
                [
                    100,
                    777,
                    0.1532620524571374
                ],
                [
                    79,
                    772,
                    0.07929008803930429
                ],
                [
                    89,
                    769,
                    0.11023318217913398
                ],
                [
                    96,
                    768,
                    0.14346984028895965
                ]
            ]
        }
    ]
}