{
    "version": 1.3,
    "people": [
        {
            "person_id": [
                -1
            ],
            "pose_keypoints_2d": [
                375.0,
                269.0,
                0.934827446937561,
                391.0,
                446.0,
                0.918677806854248,
                278.0,
                462.0,
                0.9214431643486023,
                254.0,
                674.0,
                0.9010383486747742,
                202.0,
                895.0,
                0.8661842346191406,
                514.0,
                430.0,
                0.9032571911811829,
                553.0,
                676.0,
                0.8534219861030579,
                537.0,
                893.0,
                0.7581804394721985,
                367.0,
                789.0,
                0.6886498332023621,
                295.0,
                789.0,
                0.6871765851974487,
                0,
                0,
                0,
                0,
                0,
                0,
                439.0,
                789.0,
                0.6901230812072754,
                0,
                0,
                0,
                0,
                0,
                0,
                342.0,
                246.0,
                0.9724503755569458,
                403.0,
                242.0,
                0.9181221723556519,
                312.0,
                274.0,
                0.8463609218597412,
                440.0,
                262.0,
                0.8303804993629456,
                0,
                0,
                0,
                0,
                0,
                0,
                0,
                0,
                0,
                0,
                0,
                0,
                0,
                0,
                0,
                0,
                0,
                0
            ],
            "face_keypoints_2d": [],
            "hand_left_keypoints_2d": [
                [
                    537.0,
                    893.0,
                    0.7581804394721985
                ],
                [
                    544,
                    958,
                    0.13488611511491533
                ],
                [
                    541,
                    982,
                    0.12536880880116097
                ],
                [
                    533,
                    997,
                    0.10043671577636011
                ],
                [
                    533,
                    964,
                    0.10398659275583137
                ],
                [
                    528,
                    995,
                    0.17999560038629545
                ],
                [
                    519,
                    1004,
                    0.06915696694274608
                ],
                [
                    518,
                    964,
                    0.1613228153684026
                ],
                [
                    511,
                    1003,
                    0.1403420264867475
                ],
                [
                    498,
                    1018,
                    0.1048594947242584
                ],
                [
                    501,
                    960,
                    0.12652656687790162
                ],
                [
                    496,
                    997,
                    0.18974780949759384
                ],
                [
                    487,
                    1010,
                    0.1001327574085695
                ],
                [
                    480,
                    1019,
                    0.056702489230928785
                ],
                [
                    500,
                    960,
                    0.0788724198458758
                ],
                [
                    483,
                    990,
                    0.08873537228223298
                ],
                [
                    483,
                    985,
                    0.06939826598210223
                ],
                [
                    484,
                    991,
                    0.056128112153788615
                ]
            ],
            "hand_right_keypoints_2d": [
                [
                    202.0,
                    895.0,
                    0.8661842346191406
                ],
                [
                    209,
                    930,
                    0.19248553637167062
                ],
                [
                    209,
                    956,
                    0.25661497096162
                ],
                [
                    204,
                    985,
                    0.24972916239855936
                ],
                [
                    203,
                    1007,
                    0.24579918224340414
                ],
                [
                    181,
                    968,
                    0.24238203113020435
                ],
                [
                    183,
                    1005,
                    0.141892765526914
                ],
                [
                    196,
                    1022,
                    0.11491263976635117
                ],
                [
                    179,
                    970,
                    0.17779254343947062
                ],
                [
                    183,
                    1005,
                    0.10436530347910682
                ],
                [
                    198,
                    1020,
                    0.07838373366519516
                ],
                [
                    179,
                    969,
                    0.09553813763901647
                ],
                [
                    187,
                    1000,
                    0.07416364592061087
                ],
                [
                    199,
                    1016,
                    0.07383218559790385
                ],
                [
                    194,
                    972,
                    0.06650725401572423
                ],
                [
                    193,
                    992,
                    0.08338836506127767
                ],
                [
                    198,
                    1000,
                    0.06337449664224715
                ]
            ]
        }
    ]
}