{
    "version": 1.3,
    "people": [
        {
            "person_id": [
                -1
            ],
            "pose_keypoints_2d": [
                367.0,
                152.0,
                0.9565389156341553,
                395.0,
                324.0,
                0.914335310459137,
                279.0,
                329.0,
                0.9387238621711731,
                223.0,
                552.0,
                0.8212392330169678,
                160.0,
                757.0,
                0.7586535811424255,
                516.0,
                314.0,
                0.8818589448928833,
                466.0,
                536.0,
                0.9105690121650696,
                241.0,
                552.0,
                0.6950668692588806,
                348.0,
                756.0,
                0.7333836853504181,
                258.0,
                752.0,
                0.7460124492645264,
                249.0,
                1016.0,
                0.2058800607919693,
                0,
                0,
                0,
                438.0,
                760.0,
                0.7207549214363098,
                499.0,
                1016.0,
                0.14331628382205963,
                0,
                0,
                0,
                335.0,
                129.0,
                0.9439030885696411,
                395.0,
                116.0,
                0.9282227158546448,
                313.0,
                157.0,
                0.5065003633499146,
                452.0,
                136.0,
                0.8510256409645081,
                0,
                0,
                0,
                0,
                0,
                0,
                0,
                0,
                0,
                0,
                0,
                0,
                0,
                0,
                0,
                0,
                0,
                0
            ],
            "face_keypoints_2d": [],
            "hand_left_keypoints_2d": [
                [
                    241.0,
                    552.0,
                    0.6950668692588806
                ],
                [
                    230,
                    576,
                    0.17951154726283075
                ],
                [
                    222,
                    595,
                    0.12260403583581103
                ],
                [
                    181,
                    541,
                    0.11543665636875416
                ],
                [
                    167,
                    542,
                    0.1459269183780758
                ],
                [
                    193,
                    598,
                    0.4419740746001604
                ],
                [
                    176,
                    613,
                    0.40576587451787444
                ],
                [
                    172,
                    621,
                    0.4082634920708983
                ],
                [
                    169,
                    630,
                    0.43811518399564153
                ],
                [
                    186,
                    581,
                    0.3769906429570611
                ],
                [
                    170,
                    597,
                    0.3970845603030847
                ],
                [
                    176,
                    597,
                    0.21569537004152584
                ],
                [
                    184,
                    595,
                    0.1499610520495565
                ],
                [
                    183,
                    566,
                    0.22922959550352034
                ],
                [
                    168,
                    570,
                    0.3359527838668912
                ],
                [
                    176,
                    580,
                    0.2571357057191605
                ],
                [
                    185,
                    580,
                    0.19055669668815559
                ],
                [
                    195,
                    544,
                    0.17713160151906993
                ],
                [
                    182,
                    545,
                    0.15102008196340916
                ],
                [
                    175,
                    543,
                    0.21002179551226782
                ],
                [
                    169,
                    543,
                    0.2091085697986031
                ]
            ],
            "hand_right_keypoints_2d": [
                [
                    160.0,
                    757.0,
                    0.7586535811424255
                ],
                [
                    165,
                    809,
                    0.2691990661589837
                ],
                [
                    163,
                    845,
                    0.37331938640104867
                ],
                [
                    155,
                    879,
                    0.4320979334792254
                ],
                [
                    150,
                    905,
                    0.3865695568754258
                ],
                [
                    127,
                    860,
                    0.3788733623896261
                ],
                [
                    124,
                    899,
                    0.38685836404122287
                ],
                [
                    137,
                    920,
                    0.4196619945683979
                ],
                [
                    150,
                    934,
                    0.38871496697351904
                ],
                [
                    121,
                    858,
                    0.3643830582742226
                ],
                [
                    122,
                    900,
                    0.35997203185811394
                ],
                [
                    141,
                    921,
                    0.3307400072264387
                ],
                [
                    165,
                    926,
                    0.3713835983304845
                ],
                [
                    121,
                    857,
                    0.3260239798186191
                ],
                [
                    123,
                    895,
                    0.26851101877058964
                ],
                [
                    144,
                    914,
                    0.2913896808776949
                ],
                [
                    163,
                    920,
                    0.33436172796570524
                ],
                [
                    125,
                    855,
                    0.273391915494567
                ],
                [
                    128,
                    889,
                    0.22725066547307435
                ],
                [
                    141,
                    900,
                    0.23247787263383923
                ],
                [
                    152,
                    906,
                    0.3364010002860598
                ]
            ]
        }
    ]
}