{
    "version": 1.3,
    "people": [
        {
            "person_id": [
                -1
            ],
            "pose_keypoints_2d": [
                375.0,
                128.0,
                0.9283009171485901,
                419.0,
                309.0,
                0.9133971333503723,
                286.0,
                304.0,
                0.8988269567489624,
                229.0,
                550.0,
                0.7640340328216553,
                174.0,
                782.0,
                0.6541470289230347,
                551.0,
                311.0,
                0.8544219136238098,
                580.0,
                574.0,
                0.7023905515670776,
                544.0,
                823.0,
                0.7435437440872192,
                339.5,
                793.5,
                0.698344886302948,
                246.0,
                782.0,
                0.7107650637626648,
                0,
                0,
                0,
                0,
                0,
                0,
                433.0,
                805.0,
                0.6859247088432312,
                0,
                0,
                0,
                0,
                0,
                0,
                347.0,
                109.0,
                0.9392586350440979,
                408.0,
                100.0,
                0.9463393688201904,
                326.0,
                135.0,
                0.15642313659191132,
                470.0,
                110.0,
                0.9259015917778015,
                0,
                0,
                0,
                0,
                0,
                0,
                0,
                0,
                0,
                0,
                0,
                0,
                0,
                0,
                0,
                0,
                0,
                0
            ],
            "face_keypoints_2d": [],
            "hand_left_keypoints_2d": [
                [
                    544.0,
                    823.0,
                    0.7435437440872192
                ],
                [
                    512,
                    869,
                    0.1285308873748009
                ],
                [
                    500,
                    904,
                    0.20168481221693904
                ],
                [
                    501,
                    938,
                    0.26843528453567106
                ],
                [
                    498,
                    962,
                    0.2551517836601944
                ],
                [
                    542,
                    919,
                    0.1635826008603904
                ],
                [
                    540,
                    964,
                    0.1279091212268421
                ],
                [
                    525,
                    985,
                    0.13634863132598127
                ],
                [
                    502,
                    992,
                    0.1409946157892458
                ],
                [
                    545,
                    923,
                    0.1881212665094111
                ],
                [
                    544,
                    966,
                    0.24416459678827218
                ],
                [
                    523,
                    987,
                    0.19478810763203275
                ],
                [
                    502,
                    992,
                    0.1671650509605525
                ],
                [
                    543,
                    925,
                    0.16104825486752888
                ],
                [
                    536,
                    967,
                    0.19377748934936
                ],
                [
                    515,
                    982,
                    0.22363408119532266
                ],
                [
                    496,
                    988,
                    0.2108548278897961
                ],
                [
                    539,
                    927,
                    0.10902142536357246
                ],
                [
                    529,
                    966,
                    0.1838696144952789
                ],
                [
                    513,
                    980,
                    0.18522683296306988
                ],
                [
                    501,
                    987,
                    0.11612060391853449
                ]
            ],
            "hand_right_keypoints_2d": [
                [
                    174.0,
                    782.0,
                    0.6541470289230347
                ],
                [
                    166,
                    843,
                    0.27051357557034006
                ],
                [
                    160,
                    878,
                    0.402562663321681
                ],
                [
                    157,
                    909,
                    0.32257406416339235
                ],
                [
                    159,
                    934,
                    0.3248388205382463
                ],
                [
                    135,
                    888,
                    0.4373534725850032
                ],
                [
                    135,
                    929,
                    0.4335415982683769
                ],
                [
                    151,
                    945,
                    0.5078307783405764
                ],
                [
                    169,
                    950,
                    0.48515731006688617
                ],
                [
                    143,
                    892,
                    0.3171420804476311
                ],
                [
                    138,
                    930,
                    0.2605369314083908
                ],
                [
                    169,
                    940,
                    0.3844424363548872
                ],
                [
                    185,
                    941,
                    0.4095059056504442
                ],
                [
                    150,
                    891,
                    0.29898093431018247
                ],
                [
                    154,
                    924,
                    0.22179044301363193
                ],
                [
                    175,
                    932,
                    0.33808952218481786
                ],
                [
                    190,
                    934,
                    0.4421253126522987
                ],
                [
                    160,
                    891,
                    0.22095658907579657
                ],
                [
                    169,
                    916,
                    0.30071203435467747
                ],
                [
                    180,
                    923,
                    0.3914487606602447
                ],
                [
                    190,
                    925,
                    0.4012790307130156
                ]
            ]
        }
    ]
}