{
    "version": 1.3,
    "people": [
        {
            "person_id": [
                -1
            ],
            "pose_keypoints_2d": [
                381.0,
                126.0,
                0.9456483721733093,
                385.0,
                326.0,
                0.9328827857971191,
                248.0,
                328.0,
                0.8746917247772217,
                210.0,
                571.0,
                0.7865477800369263,
                192.0,
                787.0,
                0.7139884233474731,
                527.0,
                323.0,
                0.8709178566932678,
                558.0,
                580.0,
                0.7974342703819275,
                575.0,
                818.0,
                0.7974770665168762,
                381.0,
                796.0,
                0.6635153293609619,
                280.0,
                791.0,
                0.6779125928878784,
                0,
                0,
                0,
                0,
                0,
                0,
                482.0,
                801.0,
                0.6491180658340454,
                0,
                0,
                0,
                0,
                0,
                0,
                352.0,
                103.0,
                0.932174563407898,
                415.0,
                100.0,
                0.9578909277915955,
                323.0,
                123.0,
                0.6075259447097778,
                461.0,
                115.0,
                0.8344740271568298,
                0,
                0,
                0,
                0,
                0,
                0,
                0,
                0,
                0,
                0,
                0,
                0,
                0,
                0,
                0,
                0,
                0,
                0
            ],
            "face_keypoints_2d": [],
            "hand_left_keypoints_2d": [
                [
                    575.0,
                    818.0,
                    0.7974770665168762
                ],
                [
                    575,
                    886,
                    0.13649832814024868
                ],
                [
                    569,
                    911,
                    0.19495569404502
                ],
                [
                    567,
                    942,
                    0.3234530156941714
                ],
                [
                    563,
                    966,
                    0.13538103631177636
                ],
                [
                    598,
                    930,
                    0.25017756994240326
                ],
                [
                    583,
                    968,
                    0.2346424717538299
                ],
                [
                    553,
                    977,
                    0.159867389882342
                ],
                [
                    535,
                    986,
                    0.14156062409123776
                ],
                [
                    596,
                    931,
                    0.14914262884883395
                ],
                [
                    568,
                    971,
                    0.1319266876082379
                ],
                [
                    548,
                    979,
                    0.19391016603355166
                ],
                [
                    530,
                    982,
                    0.18654889583454087
                ],
                [
                    597,
                    931,
                    0.1534566283685334
                ],
                [
                    581,
                    968,
                    0.14496355785218737
                ],
                [
                    552,
                    977,
                    0.24156876727278256
                ],
                [
                    532,
                    980,
                    0.23288850532038025
                ],
                [
                    597,
                    931,
                    0.12669946276071822
                ],
                [
                    583,
                    964,
                    0.09794353312007381
                ],
                [
                    564,
                    972,
                    0.12851653107822208
                ],
                [
                    543,
                    972,
                    0.16572731211804012
                ]
            ],
            "hand_right_keypoints_2d": [
                [
                    192.0,
                    787.0,
                    0.7139884233474731
                ],
                [
                    206,
                    891,
                    0.2915987798041758
                ],
                [
                    209,
                    924,
                    0.4082480214161603
                ],
                [
                    211,
                    957,
                    0.4209221489933257
                ],
                [
                    213,
                    983,
                    0.3857867120163236
                ],
                [
                    182,
                    949,
                    0.39683324505021067
                ],
                [
                    196,
                    987,
                    0.42198288088522296
                ],
                [
                    215,
                    1000,
                    0.40509986973486956
                ],
                [
                    234,
                    1012,
                    0.373179967289144
                ],
                [
                    174,
                    949,
                    0.3710476207792262
                ],
                [
                    190,
                    988,
                    0.36764961206776975
                ],
                [
                    214,
                    1001,
                    0.23489142539894603
                ],
                [
                    232,
                    1013,
                    0.13097500289118877
                ],
                [
                    173,
                    947,
                    0.3749194225656297
                ],
                [
                    186,
                    982,
                    0.2884846242388335
                ],
                [
                    210,
                    994,
                    0.18753900949540253
                ],
                [
                    226,
                    1004,
                    0.09554112590291876
                ],
                [
                    174,
                    944,
                    0.3248123025083292
                ],
                [
                    187,
                    968,
                    0.2752782353851046
                ],
                [
                    201,
                    976,
                    0.18969109038825877
                ],
                [
                    214,
                    989,
                    0.1593871397131355
                ]
            ]
        }
    ]
}