{
    "version": 1.3,
    "people": [
        {
            "person_id": [
                -1
            ],
            "pose_keypoints_2d": [
                385.0,
                182.0,
                0.9583872556686401,
                394.0,
                368.0,
                0.940071165561676,
                270.0,
                369.0,
                0.8819337487220764,
                234.0,
                590.0,
                0.889571487903595,
                233.0,
                794.0,
                0.8329018950462341,
                518.0,
                367.0,
                0.9152128100395203,
                559.0,
                585.0,
                0.8792018294334412,
                588.0,
                796.0,
                0.8049039840698242,
                405.0,
                764.5,
                0.689089298248291,
                325.0,
                766.0,
                0.706962525844574,
                346.0,
                1016.0,
                0.13893520832061768,
                0,
                0,
                0,
                485.0,
                763.0,
                0.6712160706520081,
                483.0,
                1016.0,
                0.16570524871349335,
                0,
                0,
                0,
                359.0,
                158.0,
                0.9502577781677246,
                417.0,
                155.0,
                0.9709888696670532,
                328.0,
                186.0,
                0.8770794868469238,
                462.0,
                184.0,
                0.9239713549613953,
                0,
                0,
                0,
                0,
                0,
                0,
                0,
                0,
                0,
                0,
                0,
                0,
                0,
                0,
                0,
                0,
                0,
                0
            ],
            "face_keypoints_2d": [],
            "hand_left_keypoints_2d": [
                [
                    588.0,
                    796.0,
                    0.8049039840698242
                ],
                [
                    587,
                    837,
                    0.17548780695066435
                ],
                [
                    562,
                    867,
                    0.20574081468184197
                ],
                [
                    558,
                    899,
                    0.2920634970149575
                ],
                [
                    552,
                    926,
                    0.19892445159527922
                ],
                [
                    593,
                    890,
                    0.36551482630205867
                ],
                [
                    580,
                    931,
                    0.4023891513780534
                ],
                [
                    560,
                    941,
                    0.37964189871223725
                ],
                [
                    540,
                    944,
                    0.27154920396059395
                ],
                [
                    594,
                    892,
                    0.2773918402105538
                ],
                [
                    579,
                    929,
                    0.23038774505797957
                ],
                [
                    557,
                    940,
                    0.18382277937358393
                ],
                [
                    539,
                    942,
                    0.17416875618762775
                ],
                [
                    593,
                    892,
                    0.230408010532606
                ],
                [
                    581,
                    928,
                    0.1590082522635592
                ],
                [
                    560,
                    937,
                    0.13479731509893983
                ],
                [
                    554,
                    923,
                    0.15503718807674888
                ],
                [
                    589,
                    891,
                    0.118652069014659
                ],
                [
                    580,
                    920,
                    0.10875320840784874
                ],
                [
                    565,
                    931,
                    0.0912882882123404
                ],
                [
                    553,
                    925,
                    0.1448373679936295
                ]
            ],
            "hand_right_keypoints_2d": [
                [
                    233.0,
                    794.0,
                    0.8329018950462341
                ],
                [
                    257,
                    828,
                    0.3229345885209486
                ],
                [
                    263,
                    856,
                    0.3851691460847929
                ],
                [
                    264,
                    890,
                    0.40466131610472844
                ],
                [
                    265,
                    916,
                    0.41387912268812355
                ],
                [
                    231,
                    878,
                    0.38198620980605086
                ],
                [
                    241,
                    916,
                    0.4099794733081781
                ],
                [
                    259,
                    929,
                    0.40192380072422884
                ],
                [
                    276,
                    937,
                    0.39900805617131574
                ],
                [
                    222,
                    880,
                    0.3710511782173148
                ],
                [
                    230,
                    921,
                    0.2965319622272662
                ],
                [
                    254,
                    936,
                    0.3629333653192566
                ],
                [
                    275,
                    943,
                    0.348654516276493
                ],
                [
                    219,
                    880,
                    0.38154896507049385
                ],
                [
                    222,
                    915,
                    0.3812351280454578
                ],
                [
                    242,
                    928,
                    0.2511218603209855
                ],
                [
                    271,
                    940,
                    0.18411441688116814
                ],
                [
                    220,
                    878,
                    0.32894548644220234
                ],
                [
                    223,
                    905,
                    0.26001609088924316
                ],
                [
                    236,
                    919,
                    0.21254575649994792
                ],
                [
                    249,
                    925,
                    0.12196170786509347
                ]
            ]
        }
    ]
}