{
    "version": 1.3,
    "people": [
        {
            "person_id": [
                -1
            ],
            "pose_keypoints_2d": [
                430.0,
                231.0,
                0.9312475323677063,
                398.0,
                506.0,
                0.8718117475509644,
                205.0,
                500.0,
                0.7943832278251648,
                162.0,
                843.0,
                0.7670232057571411,
                0,
                0,
                0,
                588.0,
                515.0,
                0.8507400751113892,
                608.0,
                784.0,
                0.3354589343070984,
                0,
                0,
                0,
                476.5,
                1016.0,
                0.31863005459308624,
                355.0,
                1016.0,
                0.2706334888935089,
                0,
                0,
                0,
                0,
                0,
                0,
                598.0,
                1016.0,
                0.3666266202926636,
                0,
                0,
                0,
                0,
                0,
                0,
                380.0,
                180.0,
                0.9589687585830688,
                476.0,
                188.0,
                0.9721518754959106,
                298.0,
                227.0,
                0.800202488899231,
                524.0,
                222.0,
                0.6444493532180786,
                0,
                0,
                0,
                0,
                0,
                0,
                0,
                0,
                0,
                0,
                0,
                0,
                0,
                0,
                0,
                0,
                0,
                0
            ],
            "face_keypoints_2d": [],
            "hand_left_keypoints_2d": [],
            "hand_right_keypoints_2d": []
        }
    ]
}