{
    "version": 1.3,
    "people": [
        {
            "person_id": [
                -1
            ],
            "pose_keypoints_2d": [
                303.0,
                117.0,
                0.9098264575004578,
                325.0,
                314.0,
                0.8843340873718262,
                199.0,
                328.0,
                0.9163768291473389,
                177.0,
                568.0,
                0.6150414943695068,
                157.0,
                861.0,
                0.6149078607559204,
                448.0,
                298.0,
                0.8493708968162537,
                505.0,
                553.0,
                0.8013903498649597,
                494.0,
                816.0,
                0.7350165843963623,
                322.5,
                748.0,
                0.65937140583992,
                238.0,
                752.0,
                0.6614214181900024,
                283.0,
                1016.0,
                0.14721260964870453,
                0,
                0,
                0,
                407.0,
                744.0,
                0.6573213934898376,
                451.0,
                1016.0,
                0.2312697023153305,
                0,
                0,
                0,
                278.0,
                91.0,
                0.9189761877059937,
                340.0,
                98.0,
                0.9216102957725525,
                232.0,
                121.0,
                0.8223493695259094,
                382.0,
                127.0,
                0.7965575456619263,
                0,
                0,
                0,
                0,
                0,
                0,
                0,
                0,
                0,
                0,
                0,
                0,
                0,
                0,
                0,
                0,
                0,
                0
            ],
            "face_keypoints_2d": [],
            "hand_left_keypoints_2d": [
                [
                    494.0,
                    816.0,
                    0.7350165843963623
                ],
                [
                    504,
                    914,
                    0.06594259900849553
                ],
                [
                    508,
                    937,
                    0.08654468018735784
                ],
                [
                    431,
                    953,
                    0.1318294440366905
                ],
                [
                    436,
                    978,
                    0.0985530166876736
                ],
                [
                    502,
                    944,
                    0.09090769763426526
                ],
                [
                    501,
                    972,
                    0.07850878916816678
                ],
                [
                    491,
                    949,
                    0.10198720815556173
                ],
                [
                    489,
                    986,
                    0.07735059678979479
                ],
                [
                    480,
                    951,
                    0.08885283217172998
                ],
                [
                    465,
                    952,
                    0.1036014496329257
                ]
            ],
            "hand_right_keypoints_2d": [
                [
                    157.0,
                    861.0,
                    0.6149078607559204
                ],
                [
                    162,
                    890,
                    0.19907536250754382
                ],
                [
                    159,
                    912,
                    0.2610547678823536
                ],
                [
                    159,
                    943,
                    0.33931107494716434
                ],
                [
                    160,
                    968,
                    0.22886605874098978
                ],
                [
                    131,
                    926,
                    0.3480797815233534
                ],
                [
                    140,
                    965,
                    0.39181984848064005
                ],
                [
                    155,
                    980,
                    0.43544682405887225
                ],
                [
                    171,
                    989,
                    0.4218611260917139
                ],
                [
                    136,
                    930,
                    0.26747785837133176
                ],
                [
                    143,
                    964,
                    0.23235743466317116
                ],
                [
                    171,
                    976,
                    0.3126241711880378
                ],
                [
                    187,
                    981,
                    0.40820571006653195
                ],
                [
                    144,
                    930,
                    0.23663228492572347
                ],
                [
                    156,
                    958,
                    0.2328747963967409
                ],
                [
                    174,
                    967,
                    0.30336024092146474
                ],
                [
                    189,
                    972,
                    0.39231064954413986
                ],
                [
                    151,
                    927,
                    0.17557666403672273
                ],
                [
                    164,
                    948,
                    0.30509713171157626
                ],
                [
                    176,
                    952,
                    0.40943760496081605
                ],
                [
                    188,
                    958,
                    0.4619913952065113
                ]
            ]
        }
    ]
}