{
    "version": 1.3,
    "people": [
        {
            "person_id": [
                -1
            ],
            "pose_keypoints_2d": [
                385.0,
                130.0,
                0.9450442790985107,
                385.0,
                324.0,
                0.9489324688911438,
                248.0,
                340.0,
                0.8777384757995605,
                232.0,
                578.0,
                0.8345034122467041,
                0,
                0,
                0,
                525.0,
                304.0,
                0.8858931660652161,
                703.0,
                489.0,
                0.8696007132530212,
                525.0,
                591.0,
                0.8162788152694702,
                352.0,
                731.0,
                0.670627772808075,
                263.0,
                727.0,
                0.6475087404251099,
                270.0,
                1016.0,
                0.1368257999420166,
                0,
                0,
                0,
                441.0,
                735.0,
                0.69374680519104,
                0,
                0,
                0,
                0,
                0,
                0,
                357.0,
                105.0,
                0.9534647464752197,
                417.0,
                105.0,
                0.9924343824386597,
                311.0,
                120.0,
                0.842779278755188,
                452.0,
                120.0,
                0.7104896306991577,
                0,
                0,
                0,
                0,
                0,
                0,
                0,
                0,
                0,
                0,
                0,
                0,
                0,
                0,
                0,
                0,
                0,
                0
            ],
            "face_keypoints_2d": [],
            "hand_left_keypoints_2d": [
                [
                    525.0,
                    591.0,
                    0.8162788152694702
                ]
            ],
            "hand_right_keypoints_2d": []
        }
    ]
}