{
    "version": 1.3,
    "people": [
        {
            "person_id": [
                -1
            ],
            "pose_keypoints_2d": [
                415.0,
                189.0,
                0.9535722136497498,
                424.0,
                361.0,
                0.9224462509155273,
                286.0,
                371.0,
                0.8926803469657898,
                209.0,
                588.0,
                0.8816213011741638,
                197.0,
                810.0,
                0.7615423798561096,
                562.0,
                347.0,
                0.8717598915100098,
                613.0,
                577.0,
                0.8801325559616089,
                559.0,
                792.0,
                0.9055197834968567,
                377.5,
                816.5,
                0.7116385698318481,
                291.0,
                811.0,
                0.7202765345573425,
                0,
                0,
                0,
                0,
                0,
                0,
                464.0,
                822.0,
                0.7030006051063538,
                0,
                0,
                0,
                0,
                0,
                0,
                383.0,
                161.0,
                0.9898087978363037,
                443.0,
                162.0,
                0.9165531396865845,
                345.0,
                194.0,
                0.9197795391082764,
                485.0,
                194.0,
                0.8629438281059265,
                0,
                0,
                0,
                0,
                0,
                0,
                0,
                0,
                0,
                0,
                0,
                0,
                0,
                0,
                0,
                0,
                0,
                0
            ],
            "face_keypoints_2d": [],
            "hand_left_keypoints_2d": [
                [
                    559.0,
                    792.0,
                    0.9055197834968567
                ],
                [
                    535,
                    819,
                    0.11891714911580616
                ],
                [
                    553,
                    889,
                    0.18529207696481584
                ],
                [
                    539,
                    906,
                    0.20276846580437308
                ],
                [
                    491,
                    888,
                    0.17080238234460843
                ],
                [
                    545,
                    879,
                    0.24033179246891975
                ],
                [
                    526,
                    909,
                    0.3548672765352371
                ],
                [
                    511,
                    921,
                    0.3945531348599227
                ],
                [
                    497,
                    932,
                    0.37216480985700845
                ],
                [
                    529,
                    863,
                    0.1664740219582828
                ],
                [
                    513,
                    900,
                    0.26837752577508567
                ],
                [
                    502,
                    912,
                    0.2857358461898855
                ],
                [
                    489,
                    918,
                    0.2933129498135157
                ],
                [
                    546,
                    884,
                    0.13560046500102943
                ],
                [
                    516,
                    901,
                    0.08844998865343245
                ],
                [
                    507,
                    910,
                    0.09682616412718972
                ],
                [
                    491,
                    915,
                    0.14374573824550207
                ],
                [
                    509,
                    834,
                    0.18805561837459225
                ],
                [
                    500,
                    853,
                    0.1319253669221803
                ],
                [
                    496,
                    866,
                    0.163203881461003
                ],
                [
                    489,
                    887,
                    0.13296037167077873
                ]
            ],
            "hand_right_keypoints_2d": [
                [
                    197.0,
                    810.0,
                    0.7615423798561096
                ],
                [
                    204,
                    849,
                    0.1592820622189761
                ],
                [
                    211,
                    872,
                    0.2475770212299051
                ],
                [
                    214,
                    897,
                    0.3654328856374639
                ],
                [
                    216,
                    918,
                    0.3625471476189282
                ],
                [
                    183,
                    892,
                    0.35110524956995715
                ],
                [
                    189,
                    921,
                    0.44142848783359545
                ],
                [
                    201,
                    934,
                    0.43541271578595514
                ],
                [
                    213,
                    941,
                    0.3837632916695992
                ],
                [
                    173,
                    890,
                    0.3160477211910968
                ],
                [
                    181,
                    921,
                    0.4100109914393424
                ],
                [
                    199,
                    933,
                    0.33766997602260973
                ],
                [
                    214,
                    936,
                    0.2949587212522155
                ],
                [
                    167,
                    886,
                    0.3528162822517251
                ],
                [
                    177,
                    915,
                    0.26763081678075273
                ],
                [
                    195,
                    922,
                    0.25234901754125055
                ],
                [
                    208,
                    924,
                    0.1463337620621467
                ],
                [
                    165,
                    881,
                    0.300180937444919
                ],
                [
                    173,
                    903,
                    0.2479604879420835
                ],
                [
                    185,
                    905,
                    0.16282275937907922
                ],
                [
                    200,
                    908,
                    0.15925673924465844
                ]
            ]
        }
    ]
}