{
    "version": 1.3,
    "people": [
        {
            "person_id": [
                -1
            ],
            "pose_keypoints_2d": [
                377.0,
                157.0,
                0.9987258911132812,
                373.0,
                326.0,
                0.918311357498169,
                244.0,
                328.0,
                0.9290397763252258,
                216.0,
                549.0,
                0.8597078323364258,
                180.0,
                768.0,
                0.7314565181732178,
                499.0,
                325.0,
                0.8884219527244568,
                527.0,
                563.0,
                0.8093425631523132,
                541.0,
                768.0,
                0.7950960993766785,
                353.0,
                700.0,
                0.6502589285373688,
                268.0,
                697.0,
                0.6331629157066345,
                267.0,
                1016.0,
                0.23089160025119781,
                0,
                0,
                0,
                438.0,
                703.0,
                0.667354941368103,
                497.0,
                1016.0,
                0.25528642535209656,
                0,
                0,
                0,
                348.0,
                126.0,
                0.930473804473877,
                409.0,
                132.0,
                0.9221099615097046,
                303.0,
                137.0,
                0.9076523184776306,
                441.0,
                152.0,
                0.7828278541564941,
                0,
                0,
                0,
                0,
                0,
                0,
                0,
                0,
                0,
                0,
                0,
                0,
                0,
                0,
                0,
                0,
                0,
                0
            ],
            "face_keypoints_2d": [],
            "hand_left_keypoints_2d": [
                [
                    541.0,
                    768.0,
                    0.7950960993766785
                ],
                [
                    522,
                    811,
                    0.24292062760834388
                ],
                [
                    511,
                    840,
                    0.29627836458114404
                ],
                [
                    512,
                    870,
                    0.3408628899321436
                ],
                [
                    511,
                    892,
                    0.20890994200571142
                ],
                [
                    553,
                    855,
                    0.2797188966416949
                ],
                [
                    555,
                    890,
                    0.27207468307868893
                ],
                [
                    523,
                    901,
                    0.29806615209504206
                ],
                [
                    507,
                    908,
                    0.2592519870543322
                ],
                [
                    557,
                    857,
                    0.30163264437311177
                ],
                [
                    551,
                    894,
                    0.2910892042255871
                ],
                [
                    525,
                    902,
                    0.20171778992392642
                ],
                [
                    509,
                    906,
                    0.14533022615634256
                ],
                [
                    555,
                    859,
                    0.2520405404272793
                ],
                [
                    545,
                    894,
                    0.249255778218267
                ],
                [
                    525,
                    902,
                    0.2552983508426863
                ],
                [
                    509,
                    906,
                    0.20759165150032993
                ],
                [
                    548,
                    860,
                    0.17638385286345054
                ],
                [
                    539,
                    890,
                    0.19535951092069787
                ],
                [
                    525,
                    898,
                    0.18841690296589123
                ],
                [
                    511,
                    897,
                    0.17251638862151772
                ]
            ],
            "hand_right_keypoints_2d": [
                [
                    180.0,
                    768.0,
                    0.7314565181732178
                ],
                [
                    196,
                    804,
                    0.35423724738103035
                ],
                [
                    199,
                    837,
                    0.4055965582881672
                ],
                [
                    196,
                    868,
                    0.4594609016956853
                ],
                [
                    197,
                    887,
                    0.36374165775047906
                ],
                [
                    166,
                    855,
                    0.41382705248428453
                ],
                [
                    176,
                    888,
                    0.442300395929661
                ],
                [
                    195,
                    896,
                    0.4771092058604217
                ],
                [
                    211,
                    899,
                    0.4390304110173842
                ],
                [
                    158,
                    854,
                    0.3954095137659373
                ],
                [
                    170,
                    890,
                    0.42142476777410987
                ],
                [
                    194,
                    894,
                    0.31422410446767624
                ],
                [
                    207,
                    891,
                    0.18236898883983726
                ],
                [
                    158,
                    852,
                    0.39277472811328323
                ],
                [
                    169,
                    885,
                    0.29653052912472366
                ],
                [
                    189,
                    888,
                    0.24018142248273974
                ],
                [
                    200,
                    883,
                    0.19080987433135274
                ],
                [
                    161,
                    850,
                    0.3703388580671252
                ],
                [
                    171,
                    873,
                    0.2900593019543689
                ],
                [
                    183,
                    876,
                    0.2578657083738347
                ],
                [
                    191,
                    873,
                    0.1578402086167845
                ]
            ]
        }
    ]
}