{
    "version": 1.3,
    "people": [
        {
            "person_id": [
                -1
            ],
            "pose_keypoints_2d": [
                490.0,
                191.0,
                0.9234414100646973,
                369.0,
                423.0,
                0.9133312702178955,
                189.0,
                418.0,
                0.823937714099884,
                101.0,
                721.0,
                0.861517071723938,
                161.0,
                919.0,
                0.9292283058166504,
                547.0,
                432.0,
                0.8490241765975952,
                563.0,
                712.0,
                0.8532023429870605,
                581.0,
                902.0,
                0.8139938116073608,
                393.5,
                973.0,
                0.45089590549468994,
                284.0,
                983.0,
                0.4515765607357025,
                0,
                0,
                0,
                0,
                0,
                0,
                503.0,
                963.0,
                0.45021525025367737,
                0,
                0,
                0,
                0,
                0,
                0,
                443.0,
                152.0,
                0.920499324798584,
                503.0,
                156.0,
                0.8706902265548706,
                328.0,
                170.0,
                0.8988322019577026,
                0,
                0,
                0,
                0,
                0,
                0,
                0,
                0,
                0,
                0,
                0,
                0,
                0,
                0,
                0,
                0,
                0,
                0,
                0,
                0,
                0
            ],
            "face_keypoints_2d": [],
            "hand_left_keypoints_2d": [
                [
                    581.0,
                    902.0,
                    0.8139938116073608
                ],
                [
                    499,
                    958,
                    0.07019683749352237
                ],
                [
                    476,
                    982,
                    0.13983261952584586
                ],
                [
                    452,
                    1007,
                    0.11988164248099592
                ]
            ],
            "hand_right_keypoints_2d": [
                [
                    161.0,
                    919.0,
                    0.9292283058166504
                ]
            ]
        }
    ]
}