{
    "version": 1.3,
    "people": [
        {
            "person_id": [
                -1
            ],
            "pose_keypoints_2d": [
                382.0,
                237.0,
                0.9671918749809265,
                389.0,
                396.0,
                0.9181707501411438,
                268.0,
                393.0,
                0.8578236103057861,
                244.0,
                628.0,
                0.8693093061447144,
                239.0,
                817.0,
                0.7671712636947632,
                513.0,
                397.0,
                0.8688244819641113,
                553.0,
                621.0,
                0.8613407611846924,
                555.0,
                817.0,
                0.8684635162353516,
                390.5,
                770.0,
                0.7021770477294922,
                310.0,
                768.0,
                0.6939184665679932,
                267.0,
                1016.0,
                0.304788738489151,
                0,
                0,
                0,
                471.0,
                772.0,
                0.7104356288909912,
                0,
                0,
                0,
                0,
                0,
                0,
                355.0,
                207.0,
                0.9308838248252869,
                413.0,
                205.0,
                0.9643184542655945,
                326.0,
                222.0,
                0.7665261626243591,
                459.0,
                217.0,
                0.9345518350601196,
                0,
                0,
                0,
                0,
                0,
                0,
                0,
                0,
                0,
                0,
                0,
                0,
                0,
                0,
                0,
                0,
                0,
                0
            ],
            "face_keypoints_2d": [],
            "hand_left_keypoints_2d": [
                [
                    555.0,
                    817.0,
                    0.8684635162353516
                ],
                [
                    533,
                    857,
                    0.1927407260373793
                ],
                [
                    522,
                    881,
                    0.289744030604306
                ],
                [
                    518,
                    910,
                    0.33264766998229467
                ],
                [
                    514,
                    932,
                    0.2353406332287178
                ],
                [
                    551,
                    902,
                    0.24051302467954097
                ],
                [
                    542,
                    934,
                    0.17934122647880546
                ],
                [
                    522,
                    944,
                    0.2404410691436111
                ],
                [
                    505,
                    948,
                    0.22791007381531653
                ],
                [
                    554,
                    908,
                    0.23517925763493153
                ],
                [
                    544,
                    936,
                    0.2145467237668901
                ],
                [
                    522,
                    945,
                    0.1991111306830827
                ],
                [
                    509,
                    947,
                    0.12795298570825836
                ],
                [
                    554,
                    909,
                    0.19494385402791634
                ],
                [
                    543,
                    935,
                    0.2093762820611636
                ],
                [
                    525,
                    943,
                    0.16549374764739172
                ],
                [
                    516,
                    934,
                    0.12099965765404427
                ],
                [
                    551,
                    909,
                    0.10629022584092024
                ],
                [
                    540,
                    932,
                    0.1154280239273821
                ],
                [
                    528,
                    938,
                    0.08425376634842381
                ],
                [
                    515,
                    936,
                    0.09717422044338142
                ]
            ],
            "hand_right_keypoints_2d": [
                [
                    239.0,
                    817.0,
                    0.7671712636947632
                ],
                [
                    247,
                    844,
                    0.35542610159100024
                ],
                [
                    247,
                    870,
                    0.4022556072324476
                ],
                [
                    246,
                    900,
                    0.42428272017411395
                ],
                [
                    246,
                    923,
                    0.3101368119780388
                ],
                [
                    218,
                    886,
                    0.38642659995740497
                ],
                [
                    223,
                    920,
                    0.4163379811984392
                ],
                [
                    238,
                    931,
                    0.3806206157252403
                ],
                [
                    257,
                    935,
                    0.36471849472411194
                ],
                [
                    210,
                    886,
                    0.3994010275176031
                ],
                [
                    216,
                    922,
                    0.41115078625068735
                ],
                [
                    239,
                    932,
                    0.4359706489131515
                ],
                [
                    256,
                    933,
                    0.34784599593030224
                ],
                [
                    210,
                    886,
                    0.37044553149210274
                ],
                [
                    214,
                    919,
                    0.3440801419568678
                ],
                [
                    235,
                    928,
                    0.3322315123557389
                ],
                [
                    251,
                    929,
                    0.2869143144603533
                ],
                [
                    213,
                    884,
                    0.32693721676885035
                ],
                [
                    219,
                    910,
                    0.2588194720961852
                ],
                [
                    231,
                    920,
                    0.22143378301518077
                ],
                [
                    245,
                    923,
                    0.2295741413296388
                ]
            ]
        }
    ]
}