{
    "version": 1.3,
    "people": [
        {
            "person_id": [
                -1
            ],
            "pose_keypoints_2d": [
                337.0,
                137.0,
                0.9330959916114807,
                372.0,
                358.0,
                0.9104124903678894,
                240.0,
                382.0,
                0.9120244979858398,
                232.0,
                610.0,
                0.2410404533147812,
                0,
                0,
                0,
                505.0,
                329.0,
                0.8664588928222656,
                541.0,
                608.0,
                0.8574966788291931,
                520.0,
                851.0,
                0.759873628616333,
                338.0,
                808.0,
                0.6712314784526825,
                244.0,
                801.0,
                0.6973376870155334,
                0,
                0,
                0,
                0,
                0,
                0,
                432.0,
                815.0,
                0.6451252698898315,
                0,
                0,
                0,
                0,
                0,
                0,
                305.0,
                112.0,
                0.9488746523857117,
                370.0,
                110.0,
                0.9580701589584351,
                264.0,
                149.0,
                0.8018856048583984,
                413.0,
                148.0,
                0.8145978450775146,
                0,
                0,
                0,
                0,
                0,
                0,
                0,
                0,
                0,
                0,
                0,
                0,
                0,
                0,
                0,
                0,
                0,
                0
            ],
            "face_keypoints_2d": [],
            "hand_left_keypoints_2d": [
                [
                    520.0,
                    851.0,
                    0.759873628616333
                ],
                [
                    469,
                    948,
                    0.05936298319759386
                ],
                [
                    461,
                    980,
                    0.140676839045932
                ],
                [
                    454,
                    1007,
                    0.14498252396150607
                ],
                [
                    475,
                    944,
                    0.05103994696224882
                ]
            ],
            "hand_right_keypoints_2d": []
        }
    ]
}