{
    "version": 1.3,
    "people": [
        {
            "person_id": [
                -1
            ],
            "pose_keypoints_2d": [
                405.0,
                172.0,
                0.9278993606567383,
                408.0,
                367.0,
                0.8962704539299011,
                284.0,
                362.0,
                0.8687211871147156,
                237.0,
                589.0,
                0.8514401912689209,
                233.0,
                811.0,
                0.8184359669685364,
                529.0,
                372.0,
                0.8787128329277039,
                557.0,
                599.0,
                0.8880994915962219,
                577.0,
                814.0,
                0.8743017315864563,
                401.5,
                707.5,
                0.6987381279468536,
                321.0,
                708.0,
                0.6982050538063049,
                306.0,
                1016.0,
                0.19766563177108765,
                0,
                0,
                0,
                482.0,
                707.0,
                0.6992712020874023,
                500.0,
                1016.0,
                0.13980011641979218,
                0,
                0,
                0,
                376.0,
                152.0,
                0.9724388122558594,
                432.0,
                151.0,
                0.9401297569274902,
                338.0,
                178.0,
                0.879279375076294,
                471.0,
                177.0,
                0.8299248814582825,
                0,
                0,
                0,
                0,
                0,
                0,
                0,
                0,
                0,
                0,
                0,
                0,
                0,
                0,
                0,
                0,
                0,
                0
            ],
            "face_keypoints_2d": [],
            "hand_left_keypoints_2d": [
                [
                    577.0,
                    814.0,
                    0.8743017315864563
                ],
                [
                    578,
                    865,
                    0.11187423694444396
                ],
                [
                    548,
                    896,
                    0.16571817604252834
                ],
                [
                    545,
                    926,
                    0.19272353101044148
                ],
                [
                    542,
                    953,
                    0.18502970416919554
                ],
                [
                    582,
                    910,
                    0.14097929032364498
                ],
                [
                    574,
                    953,
                    0.18059890902674083
                ],
                [
                    555,
                    967,
                    0.2486993715616132
                ],
                [
                    535,
                    975,
                    0.2069425410206356
                ],
                [
                    584,
                    913,
                    0.08675560102092021
                ],
                [
                    578,
                    954,
                    0.1786092328045537
                ],
                [
                    555,
                    968,
                    0.21388131470978866
                ],
                [
                    535,
                    974,
                    0.13769044010315165
                ],
                [
                    583,
                    915,
                    0.0653433706898078
                ],
                [
                    574,
                    952,
                    0.11508394809324868
                ],
                [
                    556,
                    967,
                    0.15829269432775223
                ],
                [
                    543,
                    951,
                    0.14773375558557192
                ],
                [
                    543,
                    893,
                    0.06415079783160905
                ],
                [
                    570,
                    948,
                    0.06855232107313976
                ],
                [
                    542,
                    953,
                    0.08037317780972358
                ]
            ],
            "hand_right_keypoints_2d": [
                [
                    233.0,
                    811.0,
                    0.8184359669685364
                ],
                [
                    249,
                    851,
                    0.27924817253336065
                ],
                [
                    259,
                    886,
                    0.409040987822156
                ],
                [
                    261,
                    918,
                    0.39644644405022456
                ],
                [
                    260,
                    942,
                    0.4450594699576126
                ],
                [
                    232,
                    908,
                    0.36351836187044895
                ],
                [
                    238,
                    942,
                    0.4334610095249194
                ],
                [
                    253,
                    959,
                    0.38443960819897566
                ],
                [
                    264,
                    969,
                    0.42204142634567987
                ],
                [
                    220,
                    907,
                    0.3779571345100764
                ],
                [
                    224,
                    944,
                    0.4045496086453136
                ],
                [
                    243,
                    965,
                    0.3892129909557915
                ],
                [
                    257,
                    976,
                    0.3902816577838159
                ],
                [
                    214,
                    900,
                    0.3546163453465863
                ],
                [
                    216,
                    935,
                    0.37267878631106255
                ],
                [
                    231,
                    949,
                    0.24265959062116454
                ],
                [
                    250,
                    965,
                    0.12164210306120508
                ],
                [
                    209,
                    889,
                    0.3793074560904748
                ],
                [
                    212,
                    920,
                    0.33841828636597926
                ],
                [
                    223,
                    933,
                    0.18895915838210536
                ],
                [
                    233,
                    944,
                    0.10289814340343416
                ]
            ]
        }
    ]
}