{
    "version": 1.3,
    "people": [
        {
            "person_id": [
                -1
            ],
            "pose_keypoints_2d": [
                264.0,
                169.0,
                0.8968719840049744,
                323.0,
                386.0,
                0.9060565829277039,
                189.0,
                398.0,
                0.888327419757843,
                176.0,
                617.0,
                0.8073928952217102,
                147.0,
                748.0,
                0.8163678050041199,
                457.0,
                379.0,
                0.8659849762916565,
                567.0,
                633.0,
                0.8844392895698547,
                425.0,
                764.0,
                0.7839509844779968,
                281.5,
                834.5,
                0.6639136672019958,
                194.0,
                829.0,
                0.6750260591506958,
                0,
                0,
                0,
                0,
                0,
                0,
                369.0,
                840.0,
                0.6528012752532959,
                0,
                0,
                0,
                0,
                0,
                0,
                234.0,
                152.0,
                0.9058187007904053,
                296.0,
                142.0,
                0.9149711728096008,
                209.0,
                194.0,
                0.4301804304122925,
                363.0,
                168.0,
                0.8758406639099121,
                0,
                0,
                0,
                0,
                0,
                0,
                0,
                0,
                0,
                0,
                0,
                0,
                0,
                0,
                0,
                0,
                0,
                0
            ],
            "face_keypoints_2d": [],
            "hand_left_keypoints_2d": [],
            "hand_right_keypoints_2d": [
                [
                    147.0,
                    748.0,
                    0.8163678050041199
                ],
                [
                    154,
                    738,
                    0.14099627623141134
                ],
                [
                    168,
                    749,
                    0.06989089994287331
                ],
                [
                    177,
                    764,
                    0.07183659514636304
                ],
                [
                    178,
                    760,
                    0.06650306186624477
                ],
                [
                    143,
                    758,
                    0.06881779228420813
                ],
                [
                    154,
                    781,
                    0.08644293011536837
                ],
                [
                    164,
                    786,
                    0.09280627989531337
                ],
                [
                    171,
                    787,
                    0.05014105262673298
                ],
                [
                    133,
                    763,
                    0.09426331172885322
                ],
                [
                    140,
                    787,
                    0.1314583313056104
                ],
                [
                    153,
                    793,
                    0.10747573345675697
                ],
                [
                    159,
                    791,
                    0.06077084448254709
                ],
                [
                    126,
                    766,
                    0.11840698418647497
                ],
                [
                    133,
                    789,
                    0.12651928972518323
                ],
                [
                    143,
                    795,
                    0.08894482235841476
                ],
                [
                    150,
                    793,
                    0.06876285294935394
                ],
                [
                    121,
                    767,
                    0.12012453661679338
                ],
                [
                    129,
                    789,
                    0.12193235595203711
                ],
                [
                    135,
                    794,
                    0.09446908310398196
                ],
                [
                    141,
                    795,
                    0.061471742567502805
                ]
            ]
        }
    ]
}