{
    "version": 1.3,
    "people": [
        {
            "person_id": [
                -1
            ],
            "pose_keypoints_2d": [
                459.0,
                124.0,
                0.9483247995376587,
                422.0,
                350.0,
                0.9142239093780518,
                308.0,
                321.0,
                0.8432598114013672,
                119.0,
                444.0,
                0.8960115909576416,
                260.0,
                609.0,
                0.8331218361854553,
                534.0,
                381.0,
                0.8902445435523987,
                542.0,
                626.0,
                0.822321355342865,
                577.0,
                854.0,
                0.8034374713897705,
                387.0,
                777.5,
                0.6687896847724915,
                310.0,
                769.0,
                0.6461406946182251,
                0,
                0,
                0,
                0,
                0,
                0,
                464.0,
                786.0,
                0.6914386749267578,
                0,
                0,
                0,
                0,
                0,
                0,
                420.0,
                105.0,
                0.9395272731781006,
                478.0,
                105.0,
                0.9072761535644531,
                363.0,
                156.0,
                0.817643404006958,
                506.0,
                157.0,
                0.15062381327152252,
                0,
                0,
                0,
                0,
                0,
                0,
                0,
                0,
                0,
                0,
                0,
                0,
                0,
                0,
                0,
                0,
                0,
                0
            ],
            "face_keypoints_2d": [],
            "hand_left_keypoints_2d": [
                [
                    577.0,
                    854.0,
                    0.8034374713897705
                ],
                [
                    587,
                    893,
                    0.14886424448539265
                ],
                [
                    568,
                    925,
                    0.14809461158475565
                ],
                [
                    566,
                    958,
                    0.16469811831076203
                ],
                [
                    564,
                    984,
                    0.1975721579757278
                ],
                [
                    599,
                    943,
                    0.2036405201182893
                ],
                [
                    588,
                    986,
                    0.2849603315838197
                ],
                [
                    573,
                    1005,
                    0.24791415843876108
                ],
                [
                    559,
                    1023,
                    0.20744551660759802
                ],
                [
                    599,
                    944,
                    0.09259789825206487
                ],
                [
                    565,
                    983,
                    0.057083577246291435
                ],
                [
                    599,
                    944,
                    0.08881764060785916
                ],
                [
                    564,
                    983,
                    0.0704908710131982
                ]
            ],
            "hand_right_keypoints_2d": [
                [
                    260.0,
                    609.0,
                    0.8331218361854553
                ],
                [
                    261,
                    658,
                    0.218888206631058
                ],
                [
                    250,
                    687,
                    0.3156817342021767
                ],
                [
                    238,
                    717,
                    0.3936531080600409
                ],
                [
                    229,
                    741,
                    0.35518932717858986
                ]
            ]
        }
    ]
}