{
    "version": 1.3,
    "people": [
        {
            "person_id": [
                -1
            ],
            "pose_keypoints_2d": [
                384.0,
                228.0,
                0.9627344608306885,
                376.0,
                396.0,
                0.9349372386932373,
                250.0,
                391.0,
                0.8912014365196228,
                201.0,
                578.0,
                0.8767659664154053,
                202.0,
                715.0,
                0.7787070870399475,
                503.0,
                402.0,
                0.8924940228462219,
                520.0,
                625.0,
                0.8761350512504578,
                555.0,
                837.0,
                0.7888674139976501,
                361.0,
                787.5,
                0.7289937734603882,
                279.0,
                791.0,
                0.7404631972312927,
                270.0,
                1016.0,
                0.10143359005451202,
                0,
                0,
                0,
                443.0,
                784.0,
                0.7175243496894836,
                0,
                0,
                0,
                0,
                0,
                0,
                355.0,
                198.0,
                0.9514927864074707,
                417.0,
                199.0,
                0.9739682078361511,
                312.0,
                209.0,
                0.841607928276062,
                453.0,
                215.0,
                0.7778035998344421,
                0,
                0,
                0,
                0,
                0,
                0,
                0,
                0,
                0,
                0,
                0,
                0,
                0,
                0,
                0,
                0,
                0,
                0
            ],
            "face_keypoints_2d": [],
            "hand_left_keypoints_2d": [
                [
                    555.0,
                    837.0,
                    0.7888674139976501
                ],
                [
                    548,
                    896,
                    0.20037299992975943
                ],
                [
                    542,
                    923,
                    0.25308526410793236
                ],
                [
                    541,
                    952,
                    0.2678242235892973
                ],
                [
                    542,
                    975,
                    0.26461302053551017
                ],
                [
                    570,
                    943,
                    0.2023754896335527
                ],
                [
                    569,
                    978,
                    0.2949389525037789
                ],
                [
                    559,
                    995,
                    0.29359310755893736
                ],
                [
                    548,
                    1008,
                    0.2201264583644049
                ],
                [
                    574,
                    945,
                    0.16984881840123964
                ],
                [
                    573,
                    975,
                    0.13960374715818813
                ],
                [
                    557,
                    993,
                    0.11279260853488171
                ],
                [
                    548,
                    1007,
                    0.09548687423137009
                ],
                [
                    574,
                    945,
                    0.1425775698567186
                ],
                [
                    573,
                    972,
                    0.1163687554650851
                ],
                [
                    558,
                    992,
                    0.11305964388909406
                ],
                [
                    549,
                    1006,
                    0.12122058370958189
                ],
                [
                    572,
                    944,
                    0.08682263118733605
                ],
                [
                    569,
                    971,
                    0.06396649710503124
                ],
                [
                    559,
                    993,
                    0.051767946700619946
                ],
                [
                    548,
                    1008,
                    0.06967641105796211
                ]
            ],
            "hand_right_keypoints_2d": [
                [
                    202.0,
                    715.0,
                    0.7787070870399475
                ],
                [
                    223,
                    716,
                    0.2696422438366683
                ],
                [
                    252,
                    727,
                    0.30561295699312085
                ],
                [
                    267,
                    747,
                    0.2250517889618598
                ],
                [
                    276,
                    759,
                    0.11726535645757688
                ],
                [
                    245,
                    753,
                    0.14547450331275802
                ],
                [
                    262,
                    770,
                    0.12299921095147726
                ],
                [
                    276,
                    777,
                    0.09862953349850295
                ],
                [
                    281,
                    780,
                    0.0526285867413802
                ],
                [
                    235,
                    764,
                    0.17525880648218228
                ],
                [
                    254,
                    777,
                    0.1446624724724903
                ],
                [
                    264,
                    785,
                    0.08779912439376775
                ],
                [
                    269,
                    788,
                    0.06469404256050656
                ],
                [
                    227,
                    768,
                    0.23235383069564947
                ],
                [
                    242,
                    780,
                    0.15131553947038429
                ],
                [
                    254,
                    787,
                    0.09252467485029424
                ],
                [
                    260,
                    791,
                    0.07563829021627975
                ],
                [
                    220,
                    769,
                    0.24064668881746715
                ],
                [
                    235,
                    781,
                    0.11727467353674548
                ],
                [
                    243,
                    788,
                    0.08877667311369902
                ],
                [
                    248,
                    791,
                    0.07329637226656033
                ]
            ]
        }
    ]
}