{
    "version": 1.3,
    "people": [
        {
            "person_id": [
                -1
            ],
            "pose_keypoints_2d": [
                392.0,
                130.0,
                0.9241006374359131,
                416.0,
                314.0,
                0.900672197341919,
                288.0,
                320.0,
                0.8720694780349731,
                151.0,
                515.0,
                0.9354144930839539,
                284.0,
                550.0,
                0.7651419639587402,
                543.0,
                306.0,
                0.8499029278755188,
                585.0,
                555.0,
                0.8207621574401855,
                597.0,
                798.0,
                0.6693175435066223,
                422.0,
                726.0,
                0.6567975878715515,
                339.0,
                726.0,
                0.6636127829551697,
                328.0,
                1016.0,
                0.23082983493804932,
                0,
                0,
                0,
                505.0,
                726.0,
                0.6499823927879333,
                511.0,
                1016.0,
                0.12877517938613892,
                0,
                0,
                0,
                366.0,
                107.0,
                0.9709131717681885,
                424.0,
                106.0,
                0.9681583642959595,
                324.0,
                134.0,
                0.8470961451530457,
                467.0,
                134.0,
                0.8164646625518799,
                0,
                0,
                0,
                0,
                0,
                0,
                0,
                0,
                0,
                0,
                0,
                0,
                0,
                0,
                0,
                0,
                0,
                0
            ],
            "face_keypoints_2d": [],
            "hand_left_keypoints_2d": [
                [
                    597.0,
                    798.0,
                    0.6693175435066223
                ],
                [
                    616,
                    852,
                    0.15488442537391778
                ],
                [
                    604,
                    888,
                    0.07131082035519863
                ],
                [
                    598,
                    906,
                    0.1041381015680876
                ],
                [
                    602,
                    926,
                    0.08193423567502943
                ],
                [
                    629,
                    892,
                    0.3189143486962306
                ],
                [
                    625,
                    935,
                    0.3072972728643014
                ],
                [
                    604,
                    947,
                    0.27141950503054935
                ],
                [
                    591,
                    952,
                    0.18576327957731228
                ],
                [
                    625,
                    891,
                    0.1861723308489148
                ],
                [
                    613,
                    935,
                    0.21755501449538367
                ],
                [
                    598,
                    947,
                    0.23798499302587034
                ],
                [
                    585,
                    952,
                    0.14082630509546085
                ],
                [
                    621,
                    892,
                    0.1490778372321777
                ],
                [
                    613,
                    933,
                    0.1960678398092658
                ],
                [
                    597,
                    945,
                    0.1914225193040226
                ],
                [
                    585,
                    949,
                    0.11158345641331954
                ],
                [
                    612,
                    891,
                    0.15559717660291564
                ],
                [
                    608,
                    926,
                    0.16332117675561938
                ],
                [
                    599,
                    939,
                    0.1414020697775193
                ],
                [
                    589,
                    945,
                    0.10361633214861668
                ]
            ],
            "hand_right_keypoints_2d": [
                [
                    284.0,
                    550.0,
                    0.7651419639587402
                ],
                [
                    428,
                    500,
                    0.0591272944548973
                ],
                [
                    420,
                    508,
                    0.09309886395024107
                ],
                [
                    415,
                    518,
                    0.0805355707677605
                ]
            ]
        }
    ]
}