{
    "version": 1.3,
    "people": [
        {
            "person_id": [
                -1
            ],
            "pose_keypoints_2d": [
                386.0,
                144.0,
                0.953997015953064,
                446.0,
                342.0,
                0.9092041254043579,
                307.0,
                352.0,
                0.9001799821853638,
                296.0,
                577.0,
                0.7225221991539001,
                0,
                0,
                0,
                585.0,
                339.0,
                0.8682001829147339,
                676.0,
                599.0,
                0.8871938586235046,
                549.0,
                708.0,
                0.7625364065170288,
                399.0,
                764.5,
                0.6854761838912964,
                307.0,
                756.0,
                0.6787405610084534,
                265.0,
                1016.0,
                0.10084213316440582,
                0,
                0,
                0,
                491.0,
                773.0,
                0.6922118067741394,
                0,
                0,
                0,
                0,
                0,
                0,
                352.0,
                129.0,
                0.9059193134307861,
                413.0,
                105.0,
                0.957791805267334,
                335.0,
                167.0,
                0.6177563071250916,
                470.0,
                115.0,
                0.895504355430603,
                0,
                0,
                0,
                0,
                0,
                0,
                0,
                0,
                0,
                0,
                0,
                0,
                0,
                0,
                0,
                0,
                0,
                0
            ],
            "face_keypoints_2d": [],
            "hand_left_keypoints_2d": [
                [
                    549.0,
                    708.0,
                    0.7625364065170288
                ],
                [
                    516,
                    699,
                    0.38510136675579343
                ],
                [
                    485,
                    701,
                    0.4363451748598359
                ],
                [
                    457,
                    716,
                    0.47512329064709335
                ],
                [
                    429,
                    728,
                    0.4062609841934962
                ],
                [
                    512,
                    736,
                    0.0805104184212575
                ],
                [
                    519,
                    742,
                    0.09306824137048028
                ],
                [
                    529,
                    749,
                    0.12528102245023223
                ]
            ],
            "hand_right_keypoints_2d": []
        }
    ]
}