{
    "version": 1.3,
    "people": [
        {
            "person_id": [
                -1
            ],
            "pose_keypoints_2d": [
                336.0,
                150.0,
                0.9732247591018677,
                395.0,
                350.0,
                0.909891664981842,
                263.0,
                373.0,
                0.9299706816673279,
                238.0,
                617.0,
                0.789940357208252,
                0,
                0,
                0,
                542.0,
                325.0,
                0.8299280405044556,
                513.0,
                601.0,
                0.9570934772491455,
                283.0,
                610.0,
                0.6685800552368164,
                354.5,
                763.5,
                0.6917551457881927,
                255.0,
                757.0,
                0.7164433002471924,
                0,
                0,
                0,
                0,
                0,
                0,
                454.0,
                770.0,
                0.6670669913291931,
                0,
                0,
                0,
                0,
                0,
                0,
                296.0,
                144.0,
                0.9178318977355957,
                356.0,
                108.0,
                0.9452453255653381,
                284.0,
                194.0,
                0.8320692181587219,
                419.0,
                118.0,
                0.9197555184364319,
                0,
                0,
                0,
                0,
                0,
                0,
                0,
                0,
                0,
                0,
                0,
                0,
                0,
                0,
                0,
                0,
                0,
                0
            ],
            "face_keypoints_2d": [],
            "hand_left_keypoints_2d": [
                [
                    283.0,
                    610.0,
                    0.6685800552368164
                ],
                [
                    230,
                    649,
                    0.1208046523825864
                ],
                [
                    223,
                    670,
                    0.06246714352500331
                ],
                [
                    182,
                    675,
                    0.27113041533425114
                ],
                [
                    178,
                    696,
                    0.34587333904057815
                ],
                [
                    190,
                    699,
                    0.3095190002143077
                ],
                [
                    206,
                    694,
                    0.3464280157224743
                ],
                [
                    177,
                    660,
                    0.24804873703633262
                ],
                [
                    174,
                    675,
                    0.21253293841972437
                ],
                [
                    190,
                    680,
                    0.10128402694862287
                ],
                [
                    207,
                    682,
                    0.07507976589664017
                ],
                [
                    176,
                    646,
                    0.26318284954183013
                ],
                [
                    171,
                    659,
                    0.1680228834488522
                ],
                [
                    188,
                    662,
                    0.07120776815597285
                ],
                [
                    202,
                    663,
                    0.06926481819271332
                ],
                [
                    179,
                    632,
                    0.22892459389998232
                ],
                [
                    178,
                    642,
                    0.131515109090643
                ],
                [
                    190,
                    646,
                    0.08889206078815647
                ],
                [
                    199,
                    649,
                    0.06581816590316145
                ]
            ],
            "hand_right_keypoints_2d": []
        }
    ]
}