{
    "version": 1.3,
    "people": [
        {
            "person_id": [
                -1
            ],
            "pose_keypoints_2d": [
                385.0,
                141.0,
                0.9501937627792358,
                381.0,
                315.0,
                0.9074488878250122,
                255.0,
                306.0,
                0.8476917147636414,
                216.0,
                561.0,
                0.6589279174804688,
                0,
                0,
                0,
                510.0,
                322.0,
                0.8454937934875488,
                517.0,
                584.0,
                0.6806111931800842,
                0,
                0,
                0,
                304.5,
                793.5,
                0.5848941802978516,
                218.0,
                782.0,
                0.5755948424339294,
                0,
                0,
                0,
                0,
                0,
                0,
                391.0,
                805.0,
                0.5941935181617737,
                0,
                0,
                0,
                0,
                0,
                0,
                360.0,
                109.0,
                0.962164580821991,
                421.0,
                110.0,
                1.0014183521270752,
                323.0,
                125.0,
                0.6776580214500427,
                463.0,
                130.0,
                0.7231175303459167,
                0,
                0,
                0,
                0,
                0,
                0,
                0,
                0,
                0,
                0,
                0,
                0,
                0,
                0,
                0,
                0,
                0,
                0
            ],
            "face_keypoints_2d": [],
            "hand_left_keypoints_2d": [],
            "hand_right_keypoints_2d": []
        }
    ]
}