{
    "version": 1.3,
    "people": [
        {
            "person_id": [
                -1
            ],
            "pose_keypoints_2d": [
                421.0,
                261.0,
                0.9525352716445923,
                433.0,
                427.0,
                0.9165346622467041,
                332.0,
                453.0,
                0.9001743197441101,
                320.0,
                659.0,
                0.8502219915390015,
                286.0,
                860.0,
                0.7109816670417786,
                545.0,
                406.0,
                0.8584883809089661,
                580.0,
                614.0,
                0.8302570581436157,
                584.0,
                807.0,
                0.8261679410934448,
                443.0,
                777.5,
                0.7118030488491058,
                371.0,
                779.0,
                0.7192806601524353,
                386.0,
                1016.0,
                0.14102087914943695,
                0,
                0,
                0,
                515.0,
                776.0,
                0.7043254375457764,
                551.0,
                1016.0,
                0.15573611855506897,
                0,
                0,
                0,
                389.0,
                240.0,
                0.9781001806259155,
                449.0,
                240.0,
                0.9302911758422852,
                352.0,
                260.0,
                0.8449771404266357,
                479.0,
                265.0,
                0.8214788436889648,
                0,
                0,
                0,
                0,
                0,
                0,
                0,
                0,
                0,
                0,
                0,
                0,
                0,
                0,
                0,
                0,
                0,
                0
            ],
            "face_keypoints_2d": [],
            "hand_left_keypoints_2d": [
                [
                    584.0,
                    807.0,
                    0.8261679410934448
                ],
                [
                    590,
                    853,
                    0.2701670717788483
                ],
                [
                    599,
                    882,
                    0.29352741325584025
                ],
                [
                    600,
                    907,
                    0.19437226316773532
                ],
                [
                    584,
                    928,
                    0.11311415194502313
                ],
                [
                    596,
                    889,
                    0.1773131281324922
                ],
                [
                    591,
                    924,
                    0.34823128607988013
                ],
                [
                    583,
                    934,
                    0.25261951327972937
                ],
                [
                    576,
                    938,
                    0.19553566459007177
                ],
                [
                    580,
                    892,
                    0.2804003379820147
                ],
                [
                    575,
                    929,
                    0.34209694663212525
                ],
                [
                    567,
                    944,
                    0.35548903631348394
                ],
                [
                    559,
                    955,
                    0.351833690166736
                ],
                [
                    561,
                    886,
                    0.2837541775486542
                ],
                [
                    559,
                    926,
                    0.33665977887071385
                ],
                [
                    554,
                    941,
                    0.3237113266958345
                ],
                [
                    550,
                    953,
                    0.2873242784145029
                ],
                [
                    547,
                    876,
                    0.24039256164617445
                ],
                [
                    542,
                    902,
                    0.2579316915379506
                ],
                [
                    542,
                    915,
                    0.2122142761452484
                ],
                [
                    540,
                    925,
                    0.2317694720133026
                ]
            ],
            "hand_right_keypoints_2d": [
                [
                    286.0,
                    860.0,
                    0.7109816670417786
                ],
                [
                    287,
                    891,
                    0.2952437769311359
                ],
                [
                    288,
                    915,
                    0.34737648414795375
                ],
                [
                    290,
                    943,
                    0.2536653565362929
                ],
                [
                    293,
                    965,
                    0.20702662707955566
                ],
                [
                    264,
                    934,
                    0.3277633464516577
                ],
                [
                    270,
                    966,
                    0.3460832508432461
                ],
                [
                    286,
                    976,
                    0.38400311605831783
                ],
                [
                    301,
                    984,
                    0.3770140984452056
                ],
                [
                    266,
                    938,
                    0.2719896920476663
                ],
                [
                    273,
                    966,
                    0.23994069287095898
                ],
                [
                    298,
                    974,
                    0.31077769009864126
                ],
                [
                    315,
                    978,
                    0.36530823839553966
                ],
                [
                    270,
                    936,
                    0.2327021708433925
                ],
                [
                    278,
                    960,
                    0.20270387823240305
                ],
                [
                    300,
                    967,
                    0.21512759643612883
                ],
                [
                    317,
                    966,
                    0.3593239664429773
                ],
                [
                    277,
                    932,
                    0.1606068062671857
                ],
                [
                    290,
                    953,
                    0.23888070584099655
                ],
                [
                    301,
                    955,
                    0.34890320075485326
                ],
                [
                    311,
                    957,
                    0.4009285179007392
                ]
            ]
        }
    ]
}