{
    "version": 1.3,
    "people": [
        {
            "person_id": [
                -1
            ],
            "pose_keypoints_2d": [
                391.0,
                244.0,
                0.9564564228057861,
                382.0,
                429.0,
                0.9283549189567566,
                211.0,
                433.0,
                0.853633463382721,
                124.0,
                758.0,
                0.7683597803115845,
                0,
                0,
                0,
                560.0,
                424.0,
                0.8516170382499695,
                556.0,
                727.0,
                0.8449051380157471,
                226.0,
                708.0,
                0.7729872465133667,
                344.0,
                902.5,
                0.6509701013565063,
                236.0,
                896.0,
                0.6558426022529602,
                0,
                0,
                0,
                0,
                0,
                0,
                452.0,
                909.0,
                0.6460976004600525,
                0,
                0,
                0,
                0,
                0,
                0,
                349.0,
                204.0,
                0.9299686551094055,
                430.0,
                200.0,
                0.9916096925735474,
                296.0,
                222.0,
                0.7574889063835144,
                485.0,
                217.0,
                0.7131577730178833,
                0,
                0,
                0,
                0,
                0,
                0,
                0,
                0,
                0,
                0,
                0,
                0,
                0,
                0,
                0,
                0,
                0,
                0
            ],
            "face_keypoints_2d": [],
            "hand_left_keypoints_2d": [
                [
                    226.0,
                    708.0,
                    0.7729872465133667
                ],
                [
                    180,
                    706,
                    0.13747445732427216
                ],
                [
                    148,
                    707,
                    0.19666772568991245
                ],
                [
                    111,
                    705,
                    0.08919713628519178
                ],
                [
                    91,
                    714,
                    0.06867827615004636
                ],
                [
                    175,
                    664,
                    0.09776852625590282
                ],
                [
                    113,
                    704,
                    0.28750822483645244
                ],
                [
                    96,
                    712,
                    0.25726050774550635
                ],
                [
                    84,
                    720,
                    0.27650925790547853
                ],
                [
                    162,
                    673,
                    0.15296964950619135
                ],
                [
                    107,
                    673,
                    0.2948158463269983
                ],
                [
                    89,
                    689,
                    0.27263246220771575
                ],
                [
                    82,
                    705,
                    0.3047846799400815
                ],
                [
                    162,
                    658,
                    0.1658866473585725
                ],
                [
                    110,
                    650,
                    0.26173806549883144
                ],
                [
                    90,
                    674,
                    0.16607696171921416
                ],
                [
                    82,
                    691,
                    0.1538899314996794
                ],
                [
                    161,
                    642,
                    0.16733475240085027
                ],
                [
                    135,
                    622,
                    0.26933243512273725
                ],
                [
                    112,
                    629,
                    0.24448051630830925
                ],
                [
                    96,
                    641,
                    0.19872813506478687
                ]
            ],
            "hand_right_keypoints_2d": []
        }
    ]
}