{
    "version": 1.3,
    "people": [
        {
            "person_id": [
                -1
            ],
            "pose_keypoints_2d": [
                344.0,
                156.0,
                0.9612522721290588,
                365.0,
                352.0,
                0.9122190475463867,
                201.0,
                376.0,
                0.8922446966171265,
                194.0,
                642.0,
                0.8642260432243347,
                148.0,
                886.0,
                0.7994194626808167,
                526.0,
                335.0,
                0.8783268928527832,
                560.0,
                554.0,
                0.851734459400177,
                556.0,
                673.0,
                0.849553108215332,
                379.5,
                811.5,
                0.6468842923641205,
                282.0,
                814.0,
                0.6420090794563293,
                0,
                0,
                0,
                0,
                0,
                0,
                477.0,
                809.0,
                0.6517595052719116,
                0,
                0,
                0,
                0,
                0,
                0,
                305.0,
                122.0,
                0.9359156489372253,
                381.0,
                117.0,
                0.9640948176383972,
                253.0,
                148.0,
                0.9263431429862976,
                428.0,
                138.0,
                0.8226011395454407,
                0,
                0,
                0,
                0,
                0,
                0,
                0,
                0,
                0,
                0,
                0,
                0,
                0,
                0,
                0,
                0,
                0,
                0
            ],
            "face_keypoints_2d": [],
            "hand_left_keypoints_2d": [
                [
                    556.0,
                    673.0,
                    0.849553108215332
                ],
                [
                    509,
                    771,
                    0.05668031947104657
                ],
                [
                    473,
                    700,
                    0.11146171608969803
                ],
                [
                    446,
                    705,
                    0.0810426318894303
                ]
            ],
            "hand_right_keypoints_2d": [
                [
                    148.0,
                    886.0,
                    0.7994194626808167
                ],
                [
                    163,
                    938,
                    0.15689852939870214
                ],
                [
                    165,
                    971,
                    0.26936033699863104
                ],
                [
                    166,
                    1001,
                    0.2812504829744495
                ],
                [
                    167,
                    1023,
                    0.1737976683499332
                ],
                [
                    131,
                    986,
                    0.20597196306550836
                ],
                [
                    139,
                    1016,
                    0.11345739118771958
                ],
                [
                    130,
                    985,
                    0.19055050367285653
                ],
                [
                    143,
                    1018,
                    0.06364187023823786
                ],
                [
                    131,
                    983,
                    0.1588111127694036
                ],
                [
                    146,
                    1010,
                    0.057364600585808265
                ],
                [
                    137,
                    979,
                    0.1008291577437524
                ],
                [
                    148,
                    1001,
                    0.0537886760311306
                ]
            ]
        }
    ]
}