{
    "version": 1.3,
    "people": [
        {
            "person_id": [
                -1
            ],
            "pose_keypoints_2d": [
                444.0,
                142.0,
                0.899286150932312,
                466.0,
                327.0,
                0.9253628253936768,
                337.0,
                352.0,
                0.8879653811454773,
                310.0,
                598.0,
                0.8203761577606201,
                258.0,
                835.0,
                0.7718474268913269,
                595.0,
                295.0,
                0.8740121126174927,
                706.0,
                548.0,
                0.890658974647522,
                600.0,
                757.0,
                0.8055530190467834,
                444.5,
                774.0,
                0.6554901599884033,
                356.0,
                769.0,
                0.6458420157432556,
                0,
                0,
                0,
                0,
                0,
                0,
                533.0,
                779.0,
                0.665138304233551,
                0,
                0,
                0,
                0,
                0,
                0,
                416.0,
                112.0,
                0.9479557275772095,
                477.0,
                113.0,
                0.9136563539505005,
                377.0,
                150.0,
                0.7467331886291504,
                523.0,
                149.0,
                0.8075037002563477,
                0,
                0,
                0,
                0,
                0,
                0,
                0,
                0,
                0,
                0,
                0,
                0,
                0,
                0,
                0,
                0,
                0,
                0
            ],
            "face_keypoints_2d": [],
            "hand_left_keypoints_2d": [
                [
                    600.0,
                    757.0,
                    0.8055530190467834
                ],
                [
                    560,
                    772,
                    0.0536239591661649
                ],
                [
                    583,
                    775,
                    0.05450848629982645
                ]
            ],
            "hand_right_keypoints_2d": [
                [
                    258.0,
                    835.0,
                    0.7718474268913269
                ],
                [
                    276,
                    880,
                    0.300995942376042
                ],
                [
                    276,
                    909,
                    0.3754583358161592
                ],
                [
                    274,
                    946,
                    0.38311034696153884
                ],
                [
                    274,
                    973,
                    0.3343101644244122
                ],
                [
                    241,
                    932,
                    0.35786051927079804
                ],
                [
                    248,
                    973,
                    0.3529182204498601
                ],
                [
                    266,
                    988,
                    0.3815112689145279
                ],
                [
                    283,
                    1000,
                    0.3713269207821408
                ],
                [
                    245,
                    934,
                    0.2916212636600497
                ],
                [
                    249,
                    973,
                    0.2518828271623379
                ],
                [
                    271,
                    989,
                    0.19106453406208512
                ],
                [
                    298,
                    1000,
                    0.273172435140052
                ],
                [
                    251,
                    935,
                    0.20978346312235696
                ],
                [
                    258,
                    966,
                    0.16113149316872205
                ],
                [
                    278,
                    982,
                    0.22089172334886603
                ],
                [
                    297,
                    993,
                    0.23085354314352516
                ],
                [
                    258,
                    934,
                    0.14758804152032967
                ],
                [
                    264,
                    959,
                    0.16978693545825083
                ],
                [
                    279,
                    967,
                    0.15520173969813567
                ],
                [
                    290,
                    974,
                    0.29506780917871234
                ]
            ]
        }
    ]
}