{
    "version": 1.3,
    "people": [
        {
            "person_id": [
                -1
            ],
            "pose_keypoints_2d": [
                391.0,
                168.0,
                0.9452633857727051,
                403.0,
                331.0,
                0.9046506881713867,
                260.0,
                324.0,
                0.8349311947822571,
                88.0,
                310.0,
                0.8513083457946777,
                226.0,
                142.0,
                0.7806121706962585,
                547.0,
                337.0,
                0.888434886932373,
                559.0,
                598.0,
                0.8140549063682556,
                557.0,
                829.0,
                0.707033634185791,
                350.5,
                787.5,
                0.6735532581806183,
                253.0,
                776.0,
                0.7015148997306824,
                0,
                0,
                0,
                0,
                0,
                0,
                448.0,
                799.0,
                0.6455916166305542,
                0,
                0,
                0,
                0,
                0,
                0,
                357.0,
                143.0,
                0.9128637313842773,
                423.0,
                134.0,
                0.9451259970664978,
                317.0,
                156.0,
                0.6932749152183533,
                471.0,
                147.0,
                0.8189736008644104,
                0,
                0,
                0,
                0,
                0,
                0,
                0,
                0,
                0,
                0,
                0,
                0,
                0,
                0,
                0,
                0,
                0,
                0
            ],
            "face_keypoints_2d": [],
            "hand_left_keypoints_2d": [
                [
                    557.0,
                    829.0,
                    0.707033634185791
                ],
                [
                    524,
                    916,
                    0.07368803915667377
                ],
                [
                    514,
                    952,
                    0.0950863105655857
                ],
                [
                    506,
                    979,
                    0.16597397749008425
                ],
                [
                    564,
                    938,
                    0.10333218338921116
                ],
                [
                    543,
                    989,
                    0.17033675209697935
                ],
                [
                    524,
                    1001,
                    0.17550097642250953
                ],
                [
                    506,
                    1008,
                    0.1811793098446
                ],
                [
                    556,
                    947,
                    0.07683306663021472
                ],
                [
                    545,
                    984,
                    0.06769489690941713
                ],
                [
                    523,
                    999,
                    0.06802157125547648
                ],
                [
                    546,
                    986,
                    0.0587677546839217
                ],
                [
                    512,
                    959,
                    0.08436393659910006
                ],
                [
                    505,
                    979,
                    0.1579277685130398
                ],
                [
                    523,
                    916,
                    0.09725924869429867
                ],
                [
                    514,
                    937,
                    0.05407527058665466
                ],
                [
                    512,
                    953,
                    0.05584447210458095
                ]
            ],
            "hand_right_keypoints_2d": [
                [
                    226.0,
                    142.0,
                    0.7806121706962585
                ],
                [
                    246,
                    137,
                    0.152703234032452
                ],
                [
                    259,
                    126,
                    0.25168172530411065
                ],
                [
                    272,
                    105,
                    0.29392965223481937
                ],
                [
                    284,
                    84,
                    0.19175340199994953
                ],
                [
                    230,
                    93,
                    0.2626467657798465
                ],
                [
                    250,
                    63,
                    0.17090598962906828
                ],
                [
                    271,
                    62,
                    0.12224100160730164
                ],
                [
                    280,
                    79,
                    0.1689782519368571
                ],
                [
                    231,
                    87,
                    0.3699797489691591
                ],
                [
                    247,
                    55,
                    0.2250812170433511
                ],
                [
                    202,
                    269,
                    0.14845512547042877
                ],
                [
                    205,
                    278,
                    0.17373189597797511
                ],
                [
                    234,
                    84,
                    0.35771579878378473
                ],
                [
                    250,
                    55,
                    0.3295181634128849
                ],
                [
                    273,
                    58,
                    0.23954550930009788
                ],
                [
                    277,
                    76,
                    0.2040621611869209
                ],
                [
                    241,
                    82,
                    0.32260368289806235
                ],
                [
                    254,
                    56,
                    0.32216693966431814
                ],
                [
                    273,
                    58,
                    0.35039995461930196
                ],
                [
                    276,
                    76,
                    0.2907293927935233
                ]
            ]
        }
    ]
}