{
    "version": 1.3,
    "people": [
        {
            "person_id": [
                -1
            ],
            "pose_keypoints_2d": [
                368.0,
                184.0,
                0.9442934989929199,
                368.0,
                354.0,
                0.8908475637435913,
                233.0,
                358.0,
                0.884422779083252,
                180.0,
                595.0,
                0.8401044607162476,
                123.0,
                815.0,
                0.8497376441955566,
                503.0,
                345.0,
                0.873151421546936,
                550.0,
                593.0,
                0.8745018839836121,
                567.0,
                822.0,
                0.8856479525566101,
                339.5,
                795.0,
                0.6903832256793976,
                248.0,
                792.0,
                0.6970611214637756,
                0,
                0,
                0,
                0,
                0,
                0,
                431.0,
                798.0,
                0.6837053298950195,
                0,
                0,
                0,
                0,
                0,
                0,
                338.0,
                154.0,
                0.9959848523139954,
                394.0,
                157.0,
                0.9542090892791748,
                295.0,
                160.0,
                0.9207080602645874,
                427.0,
                171.0,
                0.8381211161613464,
                0,
                0,
                0,
                0,
                0,
                0,
                0,
                0,
                0,
                0,
                0,
                0,
                0,
                0,
                0,
                0,
                0,
                0
            ],
            "face_keypoints_2d": [],
            "hand_left_keypoints_2d": [
                [
                    567.0,
                    822.0,
                    0.8856479525566101
                ],
                [
                    584,
                    867,
                    0.11230119381094769
                ],
                [
                    601,
                    891,
                    0.16020255628491975
                ],
                [
                    603,
                    913,
                    0.07201600414886775
                ],
                [
                    594,
                    904,
                    0.18014732492862393
                ],
                [
                    605,
                    924,
                    0.19474943602853337
                ],
                [
                    597,
                    939,
                    0.13317808139240683
                ],
                [
                    587,
                    943,
                    0.09171569149926008
                ],
                [
                    581,
                    911,
                    0.23763347611920263
                ],
                [
                    596,
                    938,
                    0.20712382031125612
                ],
                [
                    585,
                    951,
                    0.1500394048473001
                ],
                [
                    575,
                    959,
                    0.11378689903885775
                ],
                [
                    560,
                    911,
                    0.15302592629367812
                ],
                [
                    585,
                    948,
                    0.23293485357216875
                ],
                [
                    577,
                    960,
                    0.20784353390748744
                ],
                [
                    567,
                    966,
                    0.13984177393152109
                ],
                [
                    544,
                    897,
                    0.1534910041550375
                ],
                [
                    568,
                    950,
                    0.2604576392344192
                ],
                [
                    565,
                    963,
                    0.18962144739946868
                ],
                [
                    561,
                    970,
                    0.2389233205986726
                ]
            ],
            "hand_right_keypoints_2d": [
                [
                    123.0,
                    815.0,
                    0.8497376441955566
                ],
                [
                    129,
                    843,
                    0.3154607094252269
                ],
                [
                    125,
                    864,
                    0.3802320197337483
                ],
                [
                    118,
                    897,
                    0.3997168345105014
                ],
                [
                    115,
                    922,
                    0.374927801911164
                ],
                [
                    92,
                    881,
                    0.3979230588828932
                ],
                [
                    89,
                    915,
                    0.4141323058012027
                ],
                [
                    105,
                    932,
                    0.4090972583520811
                ],
                [
                    120,
                    943,
                    0.3934728370719919
                ],
                [
                    93,
                    887,
                    0.2456425915387777
                ],
                [
                    92,
                    922,
                    0.24508078098359828
                ],
                [
                    115,
                    935,
                    0.3075171938625939
                ],
                [
                    136,
                    940,
                    0.33324699493626864
                ],
                [
                    100,
                    890,
                    0.18230995810106515
                ],
                [
                    99,
                    922,
                    0.15191258790604784
                ],
                [
                    120,
                    933,
                    0.2816769977191327
                ],
                [
                    139,
                    936,
                    0.38965147232453395
                ],
                [
                    108,
                    892,
                    0.1284265042610073
                ],
                [
                    114,
                    921,
                    0.18866755498829552
                ],
                [
                    123,
                    928,
                    0.21614056596125197
                ],
                [
                    133,
                    925,
                    0.30917224122714965
                ]
            ]
        }
    ]
}