{
    "version": 1.3,
    "people": [
        {
            "person_id": [
                -1
            ],
            "pose_keypoints_2d": [
                293.0,
                161.0,
                0.955571711063385,
                348.0,
                344.0,
                0.9004949331283569,
                210.0,
                367.0,
                0.863895058631897,
                184.0,
                621.0,
                0.8308262228965759,
                120.0,
                864.0,
                0.7956274747848511,
                486.0,
                328.0,
                0.843990683555603,
                684.0,
                506.0,
                0.9158328175544739,
                516.0,
                681.0,
                0.845192015171051,
                318.5,
                750.5,
                0.6110007166862488,
                235.0,
                747.0,
                0.6082122325897217,
                228.0,
                1016.0,
                0.1215069591999054,
                0,
                0,
                0,
                402.0,
                754.0,
                0.6137892007827759,
                0,
                0,
                0,
                0,
                0,
                0,
                260.0,
                145.0,
                0.9043051600456238,
                322.0,
                120.0,
                0.9222236275672913,
                241.0,
                166.0,
                0.3081655502319336,
                382.0,
                122.0,
                0.8971916437149048,
                0,
                0,
                0,
                0,
                0,
                0,
                0,
                0,
                0,
                0,
                0,
                0,
                0,
                0,
                0,
                0,
                0,
                0
            ],
            "face_keypoints_2d": [],
            "hand_left_keypoints_2d": [
                [
                    516.0,
                    681.0,
                    0.845192015171051
                ],
                [
                    500,
                    680,
                    0.28232872638166995
                ],
                [
                    488,
                    674,
                    0.42037905933602204
                ],
                [
                    481,
                    684,
                    0.39465344673741865
                ],
                [
                    473,
                    699,
                    0.4832858293118712
                ],
                [
                    490,
                    736,
                    0.09425904519072556
                ],
                [
                    486,
                    740,
                    0.0553574085625257
                ],
                [
                    499,
                    749,
                    0.10335944314531849
                ],
                [
                    504,
                    754,
                    0.11653273464421776
                ],
                [
                    509,
                    755,
                    0.11606327515220245
                ]
            ],
            "hand_right_keypoints_2d": [
                [
                    120.0,
                    864.0,
                    0.7956274747848511
                ],
                [
                    117,
                    922,
                    0.20845952079031593
                ],
                [
                    111,
                    946,
                    0.23424140962206658
                ],
                [
                    106,
                    984,
                    0.2677890594784822
                ],
                [
                    105,
                    1008,
                    0.22666249539729
                ],
                [
                    83,
                    962,
                    0.30794402460893316
                ],
                [
                    83,
                    1005,
                    0.27809400172042276
                ],
                [
                    96,
                    1022,
                    0.1227760427379252
                ],
                [
                    88,
                    964,
                    0.1707638158049496
                ],
                [
                    87,
                    1005,
                    0.14218363796277508
                ],
                [
                    104,
                    1023,
                    0.08814872808781835
                ],
                [
                    96,
                    966,
                    0.1369490431285546
                ],
                [
                    104,
                    1002,
                    0.10235808964368961
                ],
                [
                    115,
                    1012,
                    0.11610699541430883
                ],
                [
                    131,
                    1023,
                    0.05602528156304811
                ],
                [
                    102,
                    965,
                    0.126923762777745
                ],
                [
                    113,
                    991,
                    0.1969768795284954
                ],
                [
                    123,
                    997,
                    0.30393374995973743
                ],
                [
                    136,
                    1003,
                    0.28349884273975867
                ]
            ]
        }
    ]
}