{
    "version": 1.3,
    "people": [
        {
            "person_id": [
                -1
            ],
            "pose_keypoints_2d": [
                439.0,
                132.0,
                0.9280432462692261,
                373.0,
                321.0,
                0.9271458387374878,
                224.0,
                334.0,
                0.8391785621643066,
                201.0,
                603.0,
                0.8538601398468018,
                200.0,
                865.0,
                0.887489914894104,
                519.0,
                302.0,
                0.8841488361358643,
                583.0,
                562.0,
                0.8208698034286499,
                595.0,
                781.0,
                0.7732747793197632,
                422.5,
                736.5,
                0.6509269177913666,
                328.0,
                738.0,
                0.6483299136161804,
                273.0,
                1016.0,
                0.17624922096729279,
                0,
                0,
                0,
                517.0,
                735.0,
                0.6535239219665527,
                541.0,
                1016.0,
                0.12763039767742157,
                0,
                0,
                0,
                412.0,
                101.0,
                0.9444424510002136,
                463.0,
                108.0,
                0.9786396622657776,
                326.0,
                104.0,
                0.94036465883255,
                0,
                0,
                0,
                0,
                0,
                0,
                0,
                0,
                0,
                0,
                0,
                0,
                0,
                0,
                0,
                0,
                0,
                0,
                0,
                0,
                0
            ],
            "face_keypoints_2d": [],
            "hand_left_keypoints_2d": [
                [
                    595.0,
                    781.0,
                    0.7732747793197632
                ],
                [
                    608,
                    842,
                    0.225018254217334
                ],
                [
                    616,
                    881,
                    0.3063313657800861
                ],
                [
                    614,
                    906,
                    0.19615554224484152
                ],
                [
                    608,
                    920,
                    0.17637781188717475
                ],
                [
                    605,
                    899,
                    0.2557989214617727
                ],
                [
                    594,
                    939,
                    0.22753316930538586
                ],
                [
                    579,
                    951,
                    0.1766193471072266
                ],
                [
                    574,
                    957,
                    0.14247926821349244
                ],
                [
                    587,
                    895,
                    0.2724586056460661
                ],
                [
                    581,
                    939,
                    0.2950767615117374
                ],
                [
                    571,
                    952,
                    0.28524421706382497
                ],
                [
                    557,
                    958,
                    0.3081464846813329
                ],
                [
                    573,
                    885,
                    0.2588676552871201
                ],
                [
                    579,
                    935,
                    0.1465095599527139
                ],
                [
                    571,
                    947,
                    0.12605221765884833
                ],
                [
                    558,
                    930,
                    0.17042539088012007
                ],
                [
                    558,
                    873,
                    0.3287625624435716
                ],
                [
                    555,
                    897,
                    0.16957142978660256
                ],
                [
                    556,
                    905,
                    0.1931132754540757
                ],
                [
                    559,
                    929,
                    0.20450629382992475
                ]
            ],
            "hand_right_keypoints_2d": [
                [
                    200.0,
                    865.0,
                    0.887489914894104
                ],
                [
                    234,
                    919,
                    0.20192037454162753
                ],
                [
                    246,
                    948,
                    0.3070146495180146
                ],
                [
                    247,
                    981,
                    0.26996690684377916
                ],
                [
                    244,
                    1006,
                    0.23849735112621812
                ],
                [
                    218,
                    971,
                    0.24663281656266423
                ],
                [
                    224,
                    1014,
                    0.14553409029425024
                ],
                [
                    226,
                    1016,
                    0.11809906667128221
                ],
                [
                    227,
                    1023,
                    0.062444245806653594
                ],
                [
                    200,
                    972,
                    0.2547264305246636
                ],
                [
                    207,
                    1010,
                    0.13019070685761608
                ],
                [
                    211,
                    1017,
                    0.103356958581787
                ],
                [
                    215,
                    1019,
                    0.05243529994462376
                ],
                [
                    192,
                    967,
                    0.26485935809767763
                ],
                [
                    196,
                    1004,
                    0.12447358200323536
                ],
                [
                    205,
                    1007,
                    0.08783536637394183
                ],
                [
                    185,
                    957,
                    0.2725582193890211
                ],
                [
                    193,
                    990,
                    0.11635746666436533
                ],
                [
                    200,
                    1001,
                    0.0772874260528725
                ]
            ]
        }
    ]
}