{
    "version": 1.3,
    "people": [
        {
            "person_id": [
                -1
            ],
            "pose_keypoints_2d": [
                383.0,
                236.0,
                0.950997531414032,
                436.0,
                381.0,
                0.9088013172149658,
                311.0,
                384.0,
                0.8856659531593323,
                239.0,
                613.0,
                0.8045765161514282,
                224.0,
                798.0,
                0.7596202492713928,
                563.0,
                374.0,
                0.8657833337783813,
                557.0,
                657.0,
                0.8969508409500122,
                363.0,
                810.0,
                0.7733386754989624,
                366.5,
                842.0,
                0.6664190292358398,
                282.0,
                838.0,
                0.6858898401260376,
                0,
                0,
                0,
                0,
                0,
                0,
                451.0,
                846.0,
                0.6469482183456421,
                0,
                0,
                0,
                0,
                0,
                0,
                352.0,
                213.0,
                0.93501877784729,
                411.0,
                194.0,
                0.981964647769928,
                337.0,
                240.0,
                0.2154299020767212,
                474.0,
                194.0,
                0.9387879371643066,
                0,
                0,
                0,
                0,
                0,
                0,
                0,
                0,
                0,
                0,
                0,
                0,
                0,
                0,
                0,
                0,
                0,
                0
            ],
            "face_keypoints_2d": [],
            "hand_left_keypoints_2d": [
                [
                    363.0,
                    810.0,
                    0.7733386754989624
                ],
                [
                    234,
                    840,
                    0.37304346848143677
                ],
                [
                    235,
                    863,
                    0.33010305662527206
                ],
                [
                    237,
                    888,
                    0.33992343479006953
                ],
                [
                    225,
                    909,
                    0.2692783855395376
                ],
                [
                    201,
                    886,
                    0.36862041303608073
                ],
                [
                    214,
                    926,
                    0.33884094628799255
                ],
                [
                    230,
                    921,
                    0.4429834994715338
                ],
                [
                    238,
                    908,
                    0.20656614789788613
                ],
                [
                    194,
                    890,
                    0.3732070911551444
                ],
                [
                    213,
                    923,
                    0.271461971739971
                ],
                [
                    232,
                    913,
                    0.1551356536173545
                ],
                [
                    237,
                    903,
                    0.15549263280319756
                ],
                [
                    194,
                    888,
                    0.3426336642504636
                ],
                [
                    213,
                    914,
                    0.22835875073046236
                ],
                [
                    227,
                    910,
                    0.1259516367596593
                ],
                [
                    233,
                    897,
                    0.12888349626535617
                ],
                [
                    196,
                    885,
                    0.24673226224318723
                ],
                [
                    211,
                    905,
                    0.1876041403870789
                ],
                [
                    221,
                    900,
                    0.14498471062822776
                ],
                [
                    227,
                    895,
                    0.13356244612630075
                ]
            ],
            "hand_right_keypoints_2d": [
                [
                    224.0,
                    798.0,
                    0.7596202492713928
                ],
                [
                    234,
                    840,
                    0.34072130285819757
                ],
                [
                    235,
                    864,
                    0.3173608930615095
                ],
                [
                    237,
                    889,
                    0.3197211683122127
                ],
                [
                    225,
                    909,
                    0.2276287746450535
                ],
                [
                    201,
                    885,
                    0.35938279874365936
                ],
                [
                    214,
                    925,
                    0.24347126368467004
                ],
                [
                    230,
                    921,
                    0.40946734973322546
                ],
                [
                    238,
                    907,
                    0.18360933804728113
                ],
                [
                    195,
                    889,
                    0.3443506106010503
                ],
                [
                    213,
                    924,
                    0.26475429390149846
                ],
                [
                    230,
                    912,
                    0.16030672218018263
                ],
                [
                    235,
                    902,
                    0.15120277472432447
                ],
                [
                    194,
                    888,
                    0.31346171064826467
                ],
                [
                    212,
                    914,
                    0.1951769175276065
                ],
                [
                    227,
                    909,
                    0.12279244181234218
                ],
                [
                    232,
                    896,
                    0.12270194680649649
                ],
                [
                    196,
                    884,
                    0.23447709751427687
                ],
                [
                    210,
                    904,
                    0.1637450301373529
                ],
                [
                    220,
                    901,
                    0.1329053263055902
                ],
                [
                    227,
                    894,
                    0.12288743756566833
                ]
            ]
        }
    ]
}