{
    "version": 1.3,
    "people": [
        {
            "person_id": [
                -1
            ],
            "pose_keypoints_2d": [
                508.0,
                172.0,
                0.8682289123535156,
                352.0,
                307.0,
                0.8246688842773438,
                233.0,
                298.0,
                0.7992016077041626,
                142.0,
                591.0,
                0.8279379606246948,
                151.0,
                887.0,
                0.8830745816230774,
                471.0,
                316.0,
                0.7469963431358337,
                593.0,
                340.0,
                0.4200834035873413,
                0,
                0,
                0,
                423.0,
                758.0,
                0.6466944515705109,
                333.0,
                766.0,
                0.6431223154067993,
                241.0,
                1016.0,
                0.10970167815685272,
                0,
                0,
                0,
                513.0,
                750.0,
                0.6502665877342224,
                0,
                0,
                0,
                0,
                0,
                0,
                487.0,
                124.0,
                0.8907124400138855,
                537.0,
                151.0,
                0.7371699810028076,
                399.0,
                88.0,
                0.8605530858039856,
                0,
                0,
                0,
                0,
                0,
                0,
                0,
                0,
                0,
                0,
                0,
                0,
                0,
                0,
                0,
                0,
                0,
                0,
                0,
                0,
                0
            ],
            "face_keypoints_2d": [],
            "hand_left_keypoints_2d": [
                [
                    160,
                    891,
                    0.19048752184289716
                ],
                [
                    184,
                    923,
                    0.19995358053923162
                ],
                [
                    199,
                    958,
                    0.32197493177806147
                ],
                [
                    193,
                    995,
                    0.29977197485586315
                ],
                [
                    183,
                    1010,
                    0.19380078519734542
                ],
                [
                    176,
                    986,
                    0.3164381114430917
                ],
                [
                    170,
                    1021,
                    0.1502652622253924
                ],
                [
                    170,
                    1021,
                    0.0704709398706255
                ],
                [
                    154,
                    981,
                    0.32636880464308055
                ],
                [
                    149,
                    1017,
                    0.1384524920871991
                ],
                [
                    149,
                    1023,
                    0.11104141823475286
                ],
                [
                    151,
                    1016,
                    0.077258646976853
                ],
                [
                    137,
                    973,
                    0.30411297662283204
                ],
                [
                    135,
                    1005,
                    0.27833584707877723
                ],
                [
                    135,
                    1011,
                    0.20340689314131444
                ],
                [
                    142,
                    997,
                    0.09322256714652505
                ],
                [
                    125,
                    961,
                    0.2860936665707922
                ],
                [
                    124,
                    991,
                    0.325043390903202
                ],
                [
                    126,
                    993,
                    0.22771013720884764
                ],
                [
                    132,
                    988,
                    0.14215594849325552
                ]
            ],
            "hand_right_keypoints_2d": []
        }
    ]
}