{
    "version": 1.3,
    "people": [
        {
            "person_id": [
                -1
            ],
            "pose_keypoints_2d": [
                413.0,
                217.0,
                0.9575845003128052,
                420.0,
                389.0,
                0.9370622634887695,
                285.0,
                402.0,
                0.8937631249427795,
                251.0,
                638.0,
                0.8373004198074341,
                215.0,
                899.0,
                0.8259211182594299,
                553.0,
                383.0,
                0.9007043838500977,
                615.0,
                603.0,
                0.9276081919670105,
                511.0,
                758.0,
                0.826476514339447,
                378.5,
                776.5,
                0.7064855694770813,
                294.0,
                773.0,
                0.6985118389129639,
                283.0,
                1016.0,
                0.13540144264698029,
                0,
                0,
                0,
                463.0,
                780.0,
                0.7144593000411987,
                508.0,
                1016.0,
                0.11345220357179642,
                0,
                0,
                0,
                375.0,
                193.0,
                0.9838387370109558,
                439.0,
                187.0,
                0.9370978474617004,
                339.0,
                207.0,
                0.701709508895874,
                486.0,
                197.0,
                0.8775666356086731,
                0,
                0,
                0,
                0,
                0,
                0,
                0,
                0,
                0,
                0,
                0,
                0,
                0,
                0,
                0,
                0,
                0,
                0
            ],
            "face_keypoints_2d": [],
            "hand_left_keypoints_2d": [
                [
                    511.0,
                    758.0,
                    0.826476514339447
                ],
                [
                    462,
                    765,
                    0.057453479339300985
                ]
            ],
            "hand_right_keypoints_2d": [
                [
                    215.0,
                    899.0,
                    0.8259211182594299
                ],
                [
                    227,
                    926,
                    0.1744194045029656
                ],
                [
                    232,
                    947,
                    0.19807006693592
                ],
                [
                    206,
                    964,
                    0.24009508997343443
                ],
                [
                    216,
                    999,
                    0.21922859646805515
                ],
                [
                    232,
                    997,
                    0.10421054488630699
                ],
                [
                    240,
                    986,
                    0.06323650465929993
                ],
                [
                    201,
                    963,
                    0.2522424486372302
                ],
                [
                    214,
                    995,
                    0.15310320944169428
                ],
                [
                    234,
                    990,
                    0.0713288213624617
                ],
                [
                    240,
                    981,
                    0.06870740857704401
                ],
                [
                    201,
                    961,
                    0.2530565737688009
                ],
                [
                    213,
                    983,
                    0.11095588844052633
                ],
                [
                    227,
                    984,
                    0.08572563878669745
                ],
                [
                    240,
                    978,
                    0.056372635552508585
                ],
                [
                    205,
                    957,
                    0.20509821521385016
                ],
                [
                    216,
                    975,
                    0.12739306549651985
                ],
                [
                    224,
                    978,
                    0.10642698710697843
                ],
                [
                    232,
                    975,
                    0.05539612209563209
                ]
            ]
        }
    ]
}