{
    "version": 1.3,
    "people": [
        {
            "person_id": [
                -1
            ],
            "pose_keypoints_2d": [
                380.0,
                168.0,
                0.9681150913238525,
                382.0,
                357.0,
                0.940355122089386,
                242.0,
                343.0,
                0.9085500240325928,
                176.0,
                594.0,
                0.8903957605361938,
                277.0,
                619.0,
                0.8367622494697571,
                523.0,
                369.0,
                0.8764219880104065,
                554.0,
                627.0,
                0.8486482501029968,
                498.0,
                617.0,
                0.7711033821105957,
                368.5,
                816.0,
                0.66267129778862,
                274.0,
                813.0,
                0.6431649327278137,
                0,
                0,
                0,
                0,
                0,
                0,
                463.0,
                819.0,
                0.6821776628494263,
                0,
                0,
                0,
                0,
                0,
                0,
                346.0,
                151.0,
                0.9550973773002625,
                410.0,
                145.0,
                0.9390429258346558,
                313.0,
                180.0,
                0.8229665756225586,
                452.0,
                168.0,
                0.7926487922668457,
                0,
                0,
                0,
                0,
                0,
                0,
                0,
                0,
                0,
                0,
                0,
                0,
                0,
                0,
                0,
                0,
                0,
                0
            ],
            "face_keypoints_2d": [],
            "hand_left_keypoints_2d": [
                [
                    498.0,
                    617.0,
                    0.7711033821105957
                ],
                [
                    481,
                    633,
                    0.1592872750299541
                ],
                [
                    353,
                    604,
                    0.16790977851132755
                ],
                [
                    379,
                    618,
                    0.18607877931731476
                ],
                [
                    397,
                    628,
                    0.19456805862093696
                ],
                [
                    339,
                    609,
                    0.26508246753596826
                ],
                [
                    449,
                    665,
                    0.3116300396757062
                ],
                [
                    386,
                    634,
                    0.2947045926869128
                ],
                [
                    419,
                    667,
                    0.17788756719590199
                ],
                [
                    324,
                    626,
                    0.28188710697560826
                ],
                [
                    365,
                    649,
                    0.27498048725128094
                ],
                [
                    381,
                    652,
                    0.2201808396837019
                ],
                [
                    386,
                    651,
                    0.2683376432032553
                ],
                [
                    460,
                    608,
                    0.32473304645499995
                ],
                [
                    356,
                    665,
                    0.31657522434326757
                ],
                [
                    371,
                    663,
                    0.2771187415235212
                ],
                [
                    373,
                    658,
                    0.2268456182297191
                ],
                [
                    445,
                    597,
                    0.41330544595117524
                ],
                [
                    346,
                    675,
                    0.3025559610405827
                ],
                [
                    359,
                    674,
                    0.2853226273843342
                ],
                [
                    363,
                    668,
                    0.17796024182123774
                ]
            ],
            "hand_right_keypoints_2d": [
                [
                    277.0,
                    619.0,
                    0.8367622494697571
                ],
                [
                    324,
                    605,
                    0.2551865669923138
                ],
                [
                    352,
                    604,
                    0.2976529328869384
                ],
                [
                    379,
                    618,
                    0.2749298263430865
                ],
                [
                    397,
                    628,
                    0.2954887140647406
                ],
                [
                    339,
                    608,
                    0.41602015307563533
                ],
                [
                    368,
                    623,
                    0.5114554417536218
                ],
                [
                    387,
                    633,
                    0.4556406580178637
                ],
                [
                    393,
                    634,
                    0.22904239235166463
                ],
                [
                    324,
                    626,
                    0.47979157707372666
                ],
                [
                    366,
                    649,
                    0.4716900046958201
                ],
                [
                    381,
                    651,
                    0.39535791350490196
                ],
                [
                    385,
                    650,
                    0.3653646636854209
                ],
                [
                    316,
                    645,
                    0.4988220695091301
                ],
                [
                    356,
                    665,
                    0.5123348642954242
                ],
                [
                    371,
                    663,
                    0.42314871514689123
                ],
                [
                    372,
                    657,
                    0.3151874813014075
                ],
                [
                    313,
                    660,
                    0.4420678707321374
                ],
                [
                    346,
                    675,
                    0.504452251631043
                ],
                [
                    358,
                    673,
                    0.4422095666625682
                ],
                [
                    362,
                    668,
                    0.31308718963254817
                ]
            ]
        }
    ]
}