{
    "version": 1.3,
    "people": [
        {
            "person_id": [
                -1
            ],
            "pose_keypoints_2d": [
                396.0,
                131.0,
                0.9453676342964172,
                411.0,
                324.0,
                0.9410004615783691,
                265.0,
                310.0,
                0.8615714907646179,
                107.0,
                510.0,
                0.9116459488868713,
                258.0,
                610.0,
                0.8237364888191223,
                557.0,
                334.0,
                0.9157667756080627,
                556.0,
                553.0,
                0.7477952837944031,
                0,
                0,
                0,
                415.0,
                733.5,
                0.6331174075603485,
                324.0,
                732.0,
                0.6214286088943481,
                322.0,
                1016.0,
                0.16922083497047424,
                0,
                0,
                0,
                506.0,
                735.0,
                0.6448062062263489,
                529.0,
                1016.0,
                0.12522469460964203,
                0,
                0,
                0,
                369.0,
                104.0,
                0.9657796621322632,
                432.0,
                104.0,
                0.9725651741027832,
                336.0,
                130.0,
                0.4587155282497406,
                493.0,
                128.0,
                0.896826446056366,
                0,
                0,
                0,
                0,
                0,
                0,
                0,
                0,
                0,
                0,
                0,
                0,
                0,
                0,
                0,
                0,
                0,
                0
            ],
            "face_keypoints_2d": [],
            "hand_left_keypoints_2d": [
                [
                    259,
                    612,
                    0.1622247801803392
                ],
                [
                    254,
                    640,
                    0.0565679483140426
                ],
                [
                    247,
                    659,
                    0.08589871237286059
                ],
                [
                    243,
                    690,
                    0.08159846066110328
                ],
                [
                    243,
                    691,
                    0.05520861872114753
                ]
            ],
            "hand_right_keypoints_2d": []
        }
    ]
}