{
    "version": 1.3,
    "people": [
        {
            "person_id": [
                -1
            ],
            "pose_keypoints_2d": [
                467.0,
                241.0,
                0.9785701036453247,
                326.0,
                327.0,
                0.8820137977600098,
                223.0,
                333.0,
                0.8468492031097412,
                195.0,
                595.0,
                0.8672658801078796,
                246.0,
                816.0,
                0.8037409782409668,
                422.0,
                315.0,
                0.8221219778060913,
                608.0,
                288.0,
                0.737467885017395,
                0,
                0,
                0,
                397.5,
                753.5,
                0.7256968021392822,
                328.0,
                769.0,
                0.7058531641960144,
                339.0,
                1016.0,
                0.2765044867992401,
                0,
                0,
                0,
                467.0,
                738.0,
                0.74554044008255,
                494.0,
                1016.0,
                0.45112431049346924,
                0,
                0,
                0,
                456.0,
                200.0,
                0.9237890243530273,
                483.0,
                231.0,
                0.320222944021225,
                376.0,
                174.0,
                0.8246336579322815,
                0,
                0,
                0,
                0,
                0,
                0,
                0,
                0,
                0,
                0,
                0,
                0,
                0,
                0,
                0,
                0,
                0,
                0,
                0,
                0,
                0
            ],
            "face_keypoints_2d": [],
            "hand_left_keypoints_2d": [
                [
                    260,
                    842,
                    0.27517793095311394
                ],
                [
                    290,
                    862,
                    0.30480454721103895
                ],
                [
                    312,
                    889,
                    0.40245707305008815
                ],
                [
                    323,
                    921,
                    0.3572354056647087
                ],
                [
                    326,
                    948,
                    0.2799121201333665
                ],
                [
                    293,
                    917,
                    0.39178883014304783
                ],
                [
                    310,
                    955,
                    0.45448029659585776
                ],
                [
                    326,
                    963,
                    0.3924413953937228
                ],
                [
                    339,
                    960,
                    0.2735092365670854
                ],
                [
                    274,
                    922,
                    0.4064876816602919
                ],
                [
                    292,
                    962,
                    0.42130976598165853
                ],
                [
                    303,
                    959,
                    0.22298582711971843
                ],
                [
                    310,
                    951,
                    0.11309437126138554
                ],
                [
                    261,
                    921,
                    0.4362264106719396
                ],
                [
                    275,
                    957,
                    0.40118079621775227
                ],
                [
                    286,
                    953,
                    0.28966174750478807
                ],
                [
                    293,
                    944,
                    0.14721437884480698
                ],
                [
                    251,
                    916,
                    0.4178534852537187
                ],
                [
                    261,
                    946,
                    0.39928204848736526
                ],
                [
                    270,
                    948,
                    0.2891886299030393
                ],
                [
                    277,
                    940,
                    0.1552005152035446
                ]
            ],
            "hand_right_keypoints_2d": []
        }
    ]
}