{
    "version": 1.3,
    "people": [
        {
            "person_id": [
                -1
            ],
            "pose_keypoints_2d": [
                396.0,
                159.0,
                0.970907986164093,
                333.0,
                358.0,
                0.9341099262237549,
                191.0,
                363.0,
                0.8408259153366089,
                154.0,
                628.0,
                0.8400305509567261,
                139.0,
                874.0,
                0.8265120387077332,
                472.0,
                352.0,
                0.9077075123786926,
                504.0,
                614.0,
                0.8235078454017639,
                525.0,
                867.0,
                0.786102294921875,
                347.0,
                770.5,
                0.6553430259227753,
                262.0,
                772.0,
                0.6496922969818115,
                0,
                0,
                0,
                0,
                0,
                0,
                432.0,
                769.0,
                0.660993754863739,
                0,
                0,
                0,
                0,
                0,
                0,
                358.0,
                128.0,
                0.9427117109298706,
                418.0,
                130.0,
                0.945313572883606,
                273.0,
                156.0,
                0.8744140267372131,
                0,
                0,
                0,
                0,
                0,
                0,
                0,
                0,
                0,
                0,
                0,
                0,
                0,
                0,
                0,
                0,
                0,
                0,
                0,
                0,
                0
            ],
            "face_keypoints_2d": [],
            "hand_left_keypoints_2d": [
                [
                    525.0,
                    867.0,
                    0.786102294921875
                ],
                [
                    530,
                    918,
                    0.13440163459559284
                ],
                [
                    526,
                    943,
                    0.1896199431642101
                ],
                [
                    531,
                    972,
                    0.2728137967842002
                ],
                [
                    531,
                    992,
                    0.25553643999696835
                ],
                [
                    558,
                    952,
                    0.15539606354123608
                ],
                [
                    558,
                    997,
                    0.16872535174877146
                ],
                [
                    537,
                    1006,
                    0.23973901572791392
                ],
                [
                    520,
                    1012,
                    0.13546324750398434
                ],
                [
                    557,
                    953,
                    0.0891111967815678
                ],
                [
                    558,
                    998,
                    0.1284470317651882
                ],
                [
                    536,
                    1006,
                    0.08560204403725903
                ],
                [
                    559,
                    953,
                    0.08991607180600558
                ],
                [
                    558,
                    997,
                    0.1301198802356086
                ],
                [
                    538,
                    1004,
                    0.0817432867339205
                ],
                [
                    531,
                    993,
                    0.059042321132350084
                ],
                [
                    559,
                    950,
                    0.08581392946712264
                ],
                [
                    555,
                    991,
                    0.0717436495681063
                ],
                [
                    538,
                    1005,
                    0.07048358442892308
                ],
                [
                    532,
                    993,
                    0.053312413567878386
                ]
            ],
            "hand_right_keypoints_2d": [
                [
                    139.0,
                    874.0,
                    0.8265120387077332
                ],
                [
                    160,
                    937,
                    0.18475540497317103
                ],
                [
                    167,
                    972,
                    0.247466116899687
                ],
                [
                    165,
                    1006,
                    0.17433465737495135
                ],
                [
                    163,
                    1023,
                    0.09570253571214406
                ],
                [
                    133,
                    991,
                    0.22501639855637673
                ],
                [
                    142,
                    1018,
                    0.0761668172727833
                ],
                [
                    124,
                    991,
                    0.19413827003962034
                ],
                [
                    129,
                    1023,
                    0.10296268098034415
                ],
                [
                    121,
                    989,
                    0.21394030127532185
                ],
                [
                    126,
                    1014,
                    0.10546450561828502
                ],
                [
                    120,
                    986,
                    0.17949310287560932
                ],
                [
                    129,
                    1005,
                    0.12022195516133727
                ],
                [
                    141,
                    1007,
                    0.09343443386080313
                ]
            ]
        }
    ]
}