{
    "version": 1.3,
    "people": [
        {
            "person_id": [
                -1
            ],
            "pose_keypoints_2d": [
                382.0,
                164.0,
                0.9701418876647949,
                368.0,
                361.0,
                0.889565646648407,
                219.0,
                350.0,
                0.8422710299491882,
                135.0,
                608.0,
                0.816515326499939,
                164.0,
                752.0,
                0.6705072522163391,
                511.0,
                368.0,
                0.8849855661392212,
                522.0,
                618.0,
                0.5057536959648132,
                0,
                0,
                0,
                393.5,
                841.5,
                0.5785637497901917,
                293.0,
                842.0,
                0.588189423084259,
                0,
                0,
                0,
                0,
                0,
                0,
                494.0,
                841.0,
                0.5689380764961243,
                0,
                0,
                0,
                0,
                0,
                0,
                345.0,
                140.0,
                0.9381385445594788,
                417.0,
                135.0,
                0.954006016254425,
                301.0,
                167.0,
                0.7845714092254639,
                458.0,
                162.0,
                0.7406368851661682,
                0,
                0,
                0,
                0,
                0,
                0,
                0,
                0,
                0,
                0,
                0,
                0,
                0,
                0,
                0,
                0,
                0,
                0
            ],
            "face_keypoints_2d": [],
            "hand_left_keypoints_2d": [],
            "hand_right_keypoints_2d": []
        }
    ]
}