{
    "version": 1.3,
    "people": [
        {
            "person_id": [
                -1
            ],
            "pose_keypoints_2d": [
                381.0,
                153.0,
                0.9863056540489197,
                394.0,
                339.0,
                0.91926509141922,
                260.0,
                330.0,
                0.9070737957954407,
                205.0,
                583.0,
                0.8976767063140869,
                201.0,
                812.0,
                0.8885635137557983,
                529.0,
                352.0,
                0.8840813040733337,
                559.0,
                604.0,
                0.8523721694946289,
                564.0,
                834.0,
                0.7795312404632568,
                387.0,
                691.0,
                0.7071243524551392,
                300.0,
                693.0,
                0.7005545496940613,
                371.0,
                1016.0,
                0.3953949809074402,
                0,
                0,
                0,
                474.0,
                689.0,
                0.713694155216217,
                509.0,
                1016.0,
                0.5205732583999634,
                0,
                0,
                0,
                350.0,
                135.0,
                0.9067163467407227,
                412.0,
                121.0,
                0.9512972831726074,
                326.0,
                163.0,
                0.7934657335281372,
                457.0,
                148.0,
                0.7965978980064392,
                0,
                0,
                0,
                0,
                0,
                0,
                0,
                0,
                0,
                0,
                0,
                0,
                0,
                0,
                0,
                0,
                0,
                0
            ],
            "face_keypoints_2d": [],
            "hand_left_keypoints_2d": [
                [
                    564.0,
                    834.0,
                    0.7795312404632568
                ],
                [
                    566,
                    890,
                    0.1430665649659895
                ],
                [
                    562,
                    933,
                    0.16757248829144977
                ],
                [
                    527,
                    937,
                    0.11954493323473583
                ],
                [
                    516,
                    963,
                    0.1266110035384409
                ],
                [
                    563,
                    935,
                    0.18415321156980882
                ],
                [
                    540,
                    972,
                    0.285942081399688
                ],
                [
                    521,
                    985,
                    0.24195461510445296
                ],
                [
                    502,
                    1001,
                    0.13620673737791178
                ],
                [
                    538,
                    893,
                    0.0521398776739785
                ],
                [
                    528,
                    933,
                    0.05076465988196709
                ],
                [
                    516,
                    988,
                    0.07544978297529276
                ],
                [
                    516,
                    961,
                    0.13039059491427657
                ],
                [
                    540,
                    886,
                    0.05020119679999543
                ],
                [
                    528,
                    933,
                    0.0767599060280446
                ],
                [
                    523,
                    942,
                    0.09613963873583817
                ],
                [
                    517,
                    960,
                    0.10608253638160467
                ],
                [
                    540,
                    970,
                    0.0581509629210335
                ],
                [
                    522,
                    983,
                    0.05206533248830207
                ]
            ],
            "hand_right_keypoints_2d": [
                [
                    201.0,
                    812.0,
                    0.8885635137557983
                ],
                [
                    221,
                    849,
                    0.29952766138616294
                ],
                [
                    241,
                    881,
                    0.4383956395867772
                ],
                [
                    245,
                    913,
                    0.41409751505085773
                ],
                [
                    249,
                    940,
                    0.44966981124881544
                ],
                [
                    216,
                    914,
                    0.3847577754205956
                ],
                [
                    228,
                    946,
                    0.4717244211437237
                ],
                [
                    241,
                    961,
                    0.428117834352429
                ],
                [
                    253,
                    973,
                    0.452096419351983
                ],
                [
                    202,
                    915,
                    0.37967062391184214
                ],
                [
                    216,
                    948,
                    0.47674436072829063
                ],
                [
                    235,
                    961,
                    0.3547909949498524
                ],
                [
                    248,
                    968,
                    0.23470311184075715
                ],
                [
                    193,
                    905,
                    0.371440754916435
                ],
                [
                    206,
                    938,
                    0.3506831638197968
                ],
                [
                    221,
                    946,
                    0.22708363868032688
                ],
                [
                    237,
                    956,
                    0.1488027598813465
                ],
                [
                    186,
                    894,
                    0.3994663844936128
                ],
                [
                    195,
                    922,
                    0.30516262195767985
                ],
                [
                    209,
                    931,
                    0.18827029310968157
                ],
                [
                    217,
                    928,
                    0.1216923356676659
                ]
            ]
        }
    ]
}