{
    "version": 1.3,
    "people": [
        {
            "person_id": [
                -1
            ],
            "pose_keypoints_2d": [
                298.0,
                132.0,
                0.9431355595588684,
                337.0,
                263.0,
                0.9198313355445862,
                214.0,
                268.0,
                0.830735981464386,
                59.0,
                390.0,
                0.8520945906639099,
                208.0,
                448.0,
                0.6580689549446106,
                467.0,
                251.0,
                0.8148009777069092,
                661.0,
                344.0,
                0.8662453293800354,
                491.0,
                436.0,
                0.8292201161384583,
                328.0,
                656.5,
                0.6928350627422333,
                246.0,
                649.0,
                0.6918296813964844,
                208.0,
                962.0,
                0.5639184713363647,
                0,
                0,
                0,
                410.0,
                664.0,
                0.6938404440879822,
                327.0,
                1016.0,
                0.45619696378707886,
                0,
                0,
                0,
                273.0,
                108.0,
                0.9409670829772949,
                330.0,
                104.0,
                0.9993897080421448,
                240.0,
                120.0,
                0.5438168048858643,
                375.0,
                110.0,
                0.8260608315467834,
                0,
                0,
                0,
                0,
                0,
                0,
                0,
                0,
                0,
                0,
                0,
                0,
                0,
                0,
                0,
                0,
                0,
                0
            ],
            "face_keypoints_2d": [],
            "hand_left_keypoints_2d": [
                [
                    491.0,
                    436.0,
                    0.8292201161384583
                ],
                [
                    468,
                    471,
                    0.2536099279070689
                ],
                [
                    455,
                    502,
                    0.2617561099321446
                ],
                [
                    457,
                    515,
                    0.22097400404438589
                ],
                [
                    458,
                    522,
                    0.2498680378410657
                ],
                [
                    436,
                    481,
                    0.22439372878326308
                ],
                [
                    418,
                    507,
                    0.14336662771886077
                ],
                [
                    415,
                    511,
                    0.11250789929762701
                ],
                [
                    405,
                    521,
                    0.09498791634715281
                ],
                [
                    438,
                    465,
                    0.14969826615719894
                ],
                [
                    432,
                    476,
                    0.06678392266810046
                ],
                [
                    442,
                    454,
                    0.1116719457302644
                ],
                [
                    449,
                    447,
                    0.08361691295309216
                ]
            ],
            "hand_right_keypoints_2d": [
                [
                    208.0,
                    448.0,
                    0.6580689549446106
                ],
                [
                    213,
                    454,
                    0.22123586031970477
                ],
                [
                    232,
                    472,
                    0.24866366406725615
                ],
                [
                    249,
                    492,
                    0.27326997870218034
                ],
                [
                    270,
                    504,
                    0.28893955874673016
                ],
                [
                    224,
                    504,
                    0.22830319147428585
                ],
                [
                    212,
                    522,
                    0.22286174772750683
                ],
                [
                    206,
                    536,
                    0.2321699113007461
                ],
                [
                    203,
                    549,
                    0.24347093658669366
                ],
                [
                    221,
                    510,
                    0.14236678466180022
                ],
                [
                    212,
                    527,
                    0.09005113446505071
                ],
                [
                    206,
                    538,
                    0.07218473950131235
                ],
                [
                    220,
                    512,
                    0.11170109791136498
                ],
                [
                    214,
                    526,
                    0.0637453871955126
                ],
                [
                    221,
                    511,
                    0.0600188008584661
                ],
                [
                    216,
                    524,
                    0.059248958811584804
                ]
            ]
        }
    ]
}