{
    "version": 1.3,
    "people": [
        {
            "person_id": [
                -1
            ],
            "pose_keypoints_2d": [
                455.0,
                87.0,
                0.9005682468414307,
                514.0,
                279.0,
                0.9255992770195007,
                381.0,
                299.0,
                0.8735682964324951,
                329.0,
                555.0,
                0.8211998343467712,
                260.0,
                805.0,
                0.7800111770629883,
                650.0,
                251.0,
                0.8643695116043091,
                743.0,
                524.0,
                0.6755654215812683,
                624.0,
                687.0,
                0.7144283056259155,
                469.0,
                660.5,
                0.6406344473361969,
                385.0,
                659.0,
                0.6200329661369324,
                394.0,
                1016.0,
                0.4691573679447174,
                0,
                0,
                0,
                553.0,
                662.0,
                0.6612359285354614,
                596.0,
                979.0,
                0.3801283836364746,
                0,
                0,
                0,
                425.0,
                65.0,
                0.9242056608200073,
                489.0,
                59.0,
                0.9330720901489258,
                411.0,
                105.0,
                0.1283418834209442,
                553.0,
                69.0,
                0.8089674711227417,
                0,
                0,
                0,
                0,
                0,
                0,
                0,
                0,
                0,
                0,
                0,
                0,
                0,
                0,
                0,
                0,
                0,
                0
            ],
            "face_keypoints_2d": [],
            "hand_left_keypoints_2d": [
                [
                    624.0,
                    687.0,
                    0.7144283056259155
                ]
            ],
            "hand_right_keypoints_2d": [
                [
                    260.0,
                    805.0,
                    0.7800111770629883
                ],
                [
                    276,
                    857,
                    0.3506743056626437
                ],
                [
                    283,
                    889,
                    0.43102631361394583
                ],
                [
                    280,
                    921,
                    0.44409741658184637
                ],
                [
                    277,
                    946,
                    0.39566331679896993
                ],
                [
                    247,
                    904,
                    0.40668912276757496
                ],
                [
                    254,
                    941,
                    0.4092392775626774
                ],
                [
                    270,
                    956,
                    0.4207772899114436
                ],
                [
                    287,
                    966,
                    0.4143493104721029
                ],
                [
                    239,
                    903,
                    0.38439150666905103
                ],
                [
                    251,
                    941,
                    0.3687552867310869
                ],
                [
                    273,
                    955,
                    0.33295946949776245
                ],
                [
                    296,
                    955,
                    0.3270055709500271
                ],
                [
                    239,
                    901,
                    0.37428200026019903
                ],
                [
                    250,
                    935,
                    0.2790403128307324
                ],
                [
                    274,
                    948,
                    0.22489446335306876
                ],
                [
                    292,
                    949,
                    0.2616435757776124
                ],
                [
                    243,
                    897,
                    0.29430785532857967
                ],
                [
                    252,
                    923,
                    0.24745262147749408
                ],
                [
                    266,
                    932,
                    0.18983813854405968
                ],
                [
                    280,
                    943,
                    0.21251397039134945
                ]
            ]
        }
    ]
}