{
    "version": 1.3,
    "people": [
        {
            "person_id": [
                -1
            ],
            "pose_keypoints_2d": [
                370.0,
                153.0,
                0.9449573755264282,
                428.0,
                341.0,
                0.859458863735199,
                318.0,
                342.0,
                0.7770102024078369,
                0,
                0,
                0,
                0,
                0,
                0,
                545.0,
                337.0,
                0.8004831671714783,
                593.0,
                652.0,
                0.840377926826477,
                513.0,
                890.0,
                0.7437284588813782,
                334.5,
                825.5,
                0.6370145678520203,
                247.0,
                811.0,
                0.6614296436309814,
                0,
                0,
                0,
                0,
                0,
                0,
                422.0,
                840.0,
                0.6125994920730591,
                0,
                0,
                0,
                0,
                0,
                0,
                329.0,
                127.0,
                0.9243389368057251,
                400.0,
                110.0,
                0.9300661683082581,
                293.0,
                158.0,
                0.41692376136779785,
                463.0,
                118.0,
                0.7825117111206055,
                0,
                0,
                0,
                0,
                0,
                0,
                0,
                0,
                0,
                0,
                0,
                0,
                0,
                0,
                0,
                0,
                0,
                0
            ],
            "face_keypoints_2d": [],
            "hand_left_keypoints_2d": [],
            "hand_right_keypoints_2d": []
        }
    ]
}